SubjectID,StimulusType,response,RT
01001,1,1,668
01001,0,0,0
01001,1,1,389
01001,1,1,454
01001,1,1,362
01001,1,1,377
01001,1,1,376
01001,1,1,364
01001,0,0,0
01001,0,0,0
01001,1,1,383
01001,1,1,410
01001,1,1,378
01001,1,1,317
01001,1,1,311
01001,1,1,287
01001,1,1,322
01001,1,1,314
01001,0,0,0
01001,1,1,592
01001,1,1,391
01001,1,1,382
01001,1,1,407
01001,1,1,386
01001,1,1,391
01001,1,1,357
01001,1,1,357
01001,1,1,374
01001,1,1,424
01001,1,1,425
01001,1,1,391
01001,1,1,431
01001,1,1,400
01001,1,1,349
01001,1,1,397
01001,1,1,428
01001,1,1,378
01001,1,1,411
01001,1,1,429
01001,1,1,410
01001,0,0,0
01001,1,1,526
01001,1,1,430
01001,1,1,363
01001,0,0,0
01001,0,0,0
01001,1,1,460
01001,0,1,392
01001,0,0,0
01001,0,0,0
01001,1,1,477
01001,1,1,393
01001,0,0,0
01001,0,0,0
01001,1,1,426
01001,1,1,378
01001,1,1,354
01001,1,1,346
01001,1,1,415
01001,1,1,381
01001,1,1,340
01001,1,1,384
01001,0,0,0
01001,1,1,679
01001,1,1,394
01001,1,1,350
01001,1,1,414
01001,1,1,365
01001,1,1,399
01001,0,0,0
01001,0,0,0
01001,1,1,553
01001,0,0,0
01001,1,1,526
01001,1,1,425
01001,0,0,0
01001,1,1,619
01001,1,1,404
01001,1,1,374
01001,1,1,380
01001,1,1,362
01001,1,1,363
01001,1,1,412
01001,1,1,395
01001,1,1,378
01001,1,1,446
01001,0,0,0
01001,0,0,0
01001,1,1,678
01001,0,0,0
01001,1,1,595
01001,1,1,412
01001,1,1,314
01001,1,1,332
01001,1,1,346
01001,1,1,396
01001,1,1,410
01001,1,1,377
01001,1,1,346
01001,1,1,362
01002,1,1,608
01002,1,1,348
01002,1,1,298
01002,1,1,312
01002,1,1,264
01002,1,1,264
01002,1,1,280
01002,0,1,229
01002,1,1,345
01002,1,1,265
01002,1,1,296
01002,1,1,297
01002,1,1,361
01002,1,1,329
01002,1,1,297
01002,1,1,359
01002,1,1,292
01002,1,1,329
01002,1,1,344
01002,1,1,264
01002,1,1,296
01002,1,1,298
01002,1,1,285
01002,1,1,282
01002,1,1,300
01002,1,1,312
01002,1,1,312
01002,1,1,264
01002,1,1,280
01002,0,0,0
01002,1,1,587
01002,0,1,294
01002,1,1,394
01002,1,1,297
01002,0,0,0
01002,1,1,279
01002,1,1,297
01002,0,0,0
01002,1,1,299
01002,0,0,0
01002,0,0,0
01002,1,1,280
01002,1,1,364
01002,1,1,296
01002,0,0,0
01002,1,1,247
01002,1,1,313
01002,1,1,345
01002,1,1,280
01002,1,1,280
01002,0,0,0
01002,0,0,0
01002,1,1,361
01002,0,0,0
01002,1,1,330
01002,1,1,313
01002,1,1,265
01002,1,1,262
01002,0,1,246
01002,1,1,395
01002,1,1,346
01002,1,1,348
01002,1,1,314
01002,1,1,330
01002,0,0,0
01002,0,0,0
01002,1,1,314
01002,0,0,0
01002,1,1,331
01002,1,1,331
01002,1,1,361
01002,1,1,346
01002,1,1,296
01002,0,0,0
01002,0,0,0
01002,1,1,428
01002,0,0,0
01002,1,1,344
01002,1,1,312
01002,1,1,297
01002,0,0,0
01002,1,1,313
01002,1,1,332
01002,1,1,281
01002,1,1,393
01002,1,1,379
01002,1,1,280
01002,1,1,297
01002,1,1,396
01002,1,1,379
01002,1,1,460
01002,1,1,692
01002,1,1,365
01002,0,0,0
01002,1,1,347
01002,1,1,443
01002,1,1,380
01002,1,1,426
01002,1,1,364
01002,1,1,346
01003,1,1,410
01003,0,0,0
01003,1,1,355
01003,1,1,340
01003,1,1,307
01003,1,1,288
01003,1,1,308
01003,1,1,309
01003,1,1,307
01003,1,1,306
01003,0,0,0
01003,1,1,306
01003,1,1,256
01003,0,0,0
01003,0,0,0
01003,0,0,0
01003,1,1,275
01003,1,1,293
01003,0,0,0
01003,1,1,291
01003,1,1,293
01003,1,1,275
01003,1,1,259
01003,0,0,0
01003,1,1,393
01003,1,1,257
01003,1,1,242
01003,1,1,242
01003,1,1,239
01003,1,1,223
01003,1,1,241
01003,1,1,242
01003,1,1,240
01003,1,1,156
01003,1,1,256
01003,1,1,223
01003,1,1,239
01003,1,1,225
01003,1,1,224
01003,0,1,258
01003,1,1,342
01003,1,1,273
01003,1,1,261
01003,1,1,258
01003,1,1,260
01003,1,1,255
01003,1,1,308
01003,1,1,258
01003,1,1,306
01003,1,1,257
01003,0,0,0
01003,1,1,326
01003,1,1,260
01003,1,1,243
01003,0,0,0
01003,1,1,275
01003,1,1,290
01003,1,1,256
01003,1,1,288
01003,0,1,294
01003,0,0,0
01003,1,1,392
01003,1,1,240
01003,1,1,239
01003,1,1,257
01003,1,1,259
01003,1,1,240
01003,0,0,0
01003,1,1,240
01003,0,1,224
01003,1,1,277
01003,1,1,257
01003,1,1,273
01003,1,1,256
01003,1,1,344
01003,0,0,0
01003,1,1,225
01003,1,1,239
01003,1,1,273
01003,0,1,256
01003,1,1,256
01003,0,0,0
01003,1,0,0
01003,0,0,0
01003,1,1,291
01003,1,1,292
01003,1,1,260
01003,0,0,0
01003,1,1,325
01003,1,1,291
01003,1,1,376
01003,1,1,324
01003,1,1,475
01003,1,1,425
01003,1,1,308
01003,1,1,309
01003,1,1,294
01003,1,1,291
01003,1,1,242
01003,0,0,0
01004,1,1,558
01004,1,1,370
01004,1,1,339
01004,1,1,373
01004,1,1,410
01004,0,0,0
01004,1,1,491
01004,0,0,0
01004,1,1,507
01004,0,0,0
01004,1,1,390
01004,1,1,322
01004,1,1,375
01004,1,1,338
01004,1,1,474
01004,1,1,322
01004,1,1,442
01004,1,1,422
01004,1,1,526
01004,1,1,358
01004,1,1,404
01004,1,1,357
01004,1,1,339
01004,1,1,405
01004,1,1,439
01004,1,1,368
01004,1,1,320
01004,0,0,0
01004,0,0,0
01004,1,1,424
01004,1,1,341
01004,0,1,271
01004,0,0,0
01004,0,0,0
01004,1,1,424
01004,0,0,0
01004,1,1,405
01004,0,0,0
01004,1,1,373
01004,1,1,899
01004,1,1,389
01004,1,1,408
01004,1,1,404
01004,0,0,0
01004,1,1,489
01004,1,1,423
01004,0,0,0
01004,1,1,356
01004,1,1,307
01004,1,1,254
01004,1,1,287
01004,1,1,305
01004,1,1,339
01004,0,0,0
01004,1,1,305
01004,1,1,306
01004,1,1,304
01004,1,1,306
01004,0,1,474
01004,1,1,337
01004,1,1,291
01004,1,1,305
01004,1,1,356
01004,1,1,322
01004,1,1,558
01004,1,1,391
01004,1,1,372
01004,1,1,356
01004,1,1,340
01004,1,1,355
01004,1,1,357
01004,0,0,0
01004,1,1,287
01004,1,1,238
01004,1,1,322
01004,1,1,320
01004,1,1,252
01004,1,1,302
01004,0,0,0
01004,1,1,340
01004,1,1,372
01004,0,0,0
01004,1,1,474
01004,1,1,322
01004,1,1,305
01004,1,1,289
01004,0,0,0
01004,0,0,0
01004,1,1,440
01004,1,1,438
01004,1,1,439
01004,0,0,0
01004,1,1,271
01004,1,1,271
01004,1,1,271
01004,1,1,288
01004,1,1,441
01004,1,1,677
01004,1,1,492
01004,1,1,324
01005,1,1,475
01005,1,1,337
01005,0,0,0
01005,1,1,356
01005,1,1,340
01005,1,1,319
01005,1,1,338
01005,0,0,0
01005,0,1,302
01005,1,1,374
01005,1,1,322
01005,1,1,320
01005,1,1,323
01005,1,1,305
01005,1,1,305
01005,1,1,304
01005,1,1,318
01005,1,1,307
01005,1,1,339
01005,1,1,323
01005,1,1,405
01005,1,1,354
01005,1,1,236
01005,1,1,389
01005,0,0,0
01005,1,1,511
01005,1,1,371
01005,1,1,390
01005,1,1,323
01005,1,1,426
01005,1,1,372
01005,1,1,358
01005,1,1,539
01005,1,1,492
01005,1,1,304
01005,1,1,290
01005,0,0,0
01005,0,0,0
01005,1,1,337
01005,1,1,348
01005,1,1,333
01005,1,1,335
01005,1,1,321
01005,0,0,0
01005,1,1,538
01005,1,1,589
01005,1,1,558
01005,1,1,557
01005,0,0,0
01005,1,1,389
01005,1,1,353
01005,1,1,662
01005,1,1,304
01005,0,0,0
01005,1,1,387
01005,1,1,307
01005,0,0,0
01005,0,0,0
01005,1,1,474
01005,1,1,557
01005,1,1,335
01005,0,0,0
01005,0,0,0
01005,1,1,472
01005,1,1,388
01005,1,1,304
01005,1,1,302
01005,1,1,306
01005,0,0,0
01005,1,1,915
01005,1,1,304
01005,1,1,373
01005,1,1,324
01005,1,1,324
01005,1,1,402
01005,1,1,302
01005,1,1,338
01005,0,1,305
01005,0,1,303
01005,0,0,0
01005,1,1,354
01005,1,1,408
01005,1,1,322
01005,1,1,589
01005,1,1,287
01005,0,1,119
01005,1,1,301
01005,1,1,369
01005,1,1,372
01005,1,1,323
01005,1,1,307
01005,1,1,339
01005,1,1,527
01005,1,1,289
01005,0,1,319
01005,0,0,0
01005,1,1,408
01005,1,1,423
01005,1,1,303
01005,1,1,321
01006,1,1,406
01006,0,0,0
01006,1,1,336
01006,1,1,403
01006,1,1,370
01006,0,0,0
01006,1,1,300
01006,1,1,321
01006,0,0,0
01006,1,1,284
01006,1,1,287
01006,1,1,271
01006,1,1,456
01006,1,1,386
01006,1,1,335
01006,1,1,318
01006,1,1,390
01006,1,1,353
01006,1,1,371
01006,1,1,371
01006,1,1,320
01006,1,1,351
01006,1,1,367
01006,1,1,286
01006,1,1,338
01006,1,1,320
01006,1,1,338
01006,0,1,286
01006,1,1,604
01006,1,1,349
01006,1,1,353
01006,1,1,353
01006,1,1,369
01006,1,1,440
01006,1,1,419
01006,1,1,338
01006,1,1,323
01006,1,1,351
01006,1,1,403
01006,1,1,570
01006,1,1,503
01006,0,0,0
01006,1,1,389
01006,0,0,0
01006,1,1,320
01006,0,0,0
01006,1,1,321
01006,1,1,358
01006,1,1,357
01006,1,1,353
01006,0,0,0
01006,0,0,0
01006,0,0,0
01006,1,1,369
01006,0,0,0
01006,0,0,0
01006,1,1,369
01006,1,1,472
01006,1,1,340
01006,1,1,321
01006,1,1,373
01006,1,1,302
01006,1,1,283
01006,1,1,84
01006,1,1,389
01006,1,1,237
01006,1,1,270
01006,1,1,304
01006,1,1,269
01006,1,1,202
01006,1,1,287
01006,1,1,302
01006,0,1,254
01006,1,1,388
01006,1,1,201
01006,1,1,222
01006,0,0,0
01006,1,1,283
01006,1,1,332
01006,1,1,303
01006,0,0,0
01006,0,0,0
01006,1,1,335
01006,1,1,551
01006,1,1,353
01006,1,1,386
01006,0,0,0
01006,0,0,0
01006,0,0,0
01006,1,1,293
01006,1,1,340
01006,1,1,325
01006,0,1,256
01006,1,1,446
01006,1,1,189
01006,1,1,272
01006,1,1,327
01006,1,1,291
01006,1,1,305
01006,1,1,323
01007,1,1,429
01007,1,1,294
01007,1,1,341
01007,1,1,324
01007,0,0,0
01007,1,1,340
01007,1,1,343
01007,1,1,326
01007,1,1,325
01007,0,0,0
01007,1,1,257
01007,1,1,361
01007,1,1,342
01007,1,1,310
01007,1,1,326
01007,1,1,291
01007,1,1,360
01007,0,0,0
01007,1,1,393
01007,0,0,0
01007,1,1,273
01007,1,1,395
01007,1,1,310
01007,1,1,341
01007,1,1,291
01007,1,1,324
01007,1,1,361
01007,1,1,308
01007,1,1,308
01007,1,1,327
01007,1,1,306
01007,0,1,311
01007,1,1,528
01007,1,1,309
01007,1,1,290
01007,0,0,0
01007,1,1,259
01007,1,1,409
01007,1,1,311
01007,1,1,308
01007,1,1,445
01007,0,0,0
01007,1,1,259
01007,1,1,310
01007,1,1,412
01007,1,1,278
01007,0,0,0
01007,1,1,356
01007,1,1,322
01007,1,1,345
01007,1,1,306
01007,1,1,324
01007,0,0,0
01007,0,0,0
01007,1,1,412
01007,1,1,426
01007,1,1,358
01007,1,1,475
01007,1,1,242
01007,1,1,375
01007,0,0,0
01007,1,1,274
01007,1,1,259
01007,1,1,361
01007,1,1,291
01007,1,1,292
01007,0,0,0
01007,1,1,327
01007,1,1,409
01007,0,1,276
01007,1,1,393
01007,0,0,0
01007,0,0,0
01007,1,1,393
01007,0,0,0
01007,1,1,312
01007,1,1,462
01007,1,1,480
01007,1,1,324
01007,1,1,379
01007,1,1,462
01007,0,0,0
01007,1,1,397
01007,1,1,392
01007,1,1,495
01007,1,1,340
01007,1,1,359
01007,1,1,324
01007,0,0,0
01007,1,1,373
01007,1,1,392
01007,1,1,359
01007,1,1,325
01007,1,1,358
01007,1,1,326
01007,1,1,363
01007,1,1,361
01007,0,0,0
01007,1,1,412
01007,0,0,0
01008,1,1,1253
01008,1,1,340
01008,1,1,414
01008,0,0,0
01008,1,1,462
01008,1,1,570
01008,1,1,327
01008,1,1,341
01008,1,1,344
01008,1,1,291
01008,1,1,412
01008,0,0,0
01008,0,0,0
01008,1,1,359
01008,1,1,396
01008,1,1,361
01008,1,1,340
01008,1,1,310
01008,1,1,393
01008,1,1,377
01008,1,1,376
01008,1,1,362
01008,0,0,0
01008,1,1,378
01008,1,1,357
01008,0,0,0
01008,1,1,460
01008,1,0,0
01008,0,0,0
01008,0,0,0
01008,1,1,342
01008,1,1,362
01008,1,1,359
01008,0,0,0
01008,1,1,425
01008,0,0,0
01008,1,1,308
01008,1,1,390
01008,1,1,343
01008,0,0,0
01008,1,1,461
01008,1,1,394
01008,1,1,409
01008,1,1,342
01008,0,0,0
01008,1,1,345
01008,1,1,392
01008,1,1,375
01008,1,1,295
01008,1,1,410
01008,1,1,361
01008,1,1,309
01008,1,1,395
01008,1,1,275
01008,1,1,322
01008,1,1,395
01008,1,1,345
01008,1,1,359
01008,1,1,293
01008,1,1,309
01008,1,1,307
01008,1,1,460
01008,0,0,0
01008,1,1,325
01008,1,1,396
01008,0,0,0
01008,0,0,0
01008,1,1,375
01008,1,1,343
01008,1,1,341
01008,0,0,0
01008,0,0,0
01008,1,1,309
01008,1,1,359
01008,1,1,345
01008,1,1,293
01008,1,1,293
01008,1,1,308
01008,1,1,309
01008,0,0,0
01008,1,1,345
01008,1,1,339
01008,1,1,310
01008,1,1,378
01008,1,1,310
01008,1,1,309
01008,1,1,291
01008,1,1,290
01008,1,1,308
01008,1,1,360
01008,0,0,0
01008,0,0,0
01008,1,1,441
01008,1,1,292
01008,1,1,510
01008,1,1,360
01008,1,1,326
01008,1,1,292
01008,1,1,309
01008,0,0,0
02001,1,0,0
02001,0,0,0
02001,1,1,585
02001,1,1,615
02001,1,1,402
02001,0,0,0
02001,1,1,719
02001,1,1,551
02001,1,1,482
02001,1,1,483
02001,0,0,0
02001,1,1,368
02001,1,1,446
02001,1,1,497
02001,1,1,530
02001,1,1,633
02001,1,1,448
02001,1,1,435
02001,1,1,385
02001,1,1,369
02001,1,1,402
02001,1,1,415
02001,1,1,415
02001,1,1,416
02001,0,0,0
02001,0,0,0
02001,1,1,518
02001,1,1,482
02001,0,0,0
02001,1,1,384
02001,1,1,366
02001,1,1,414
02001,1,1,452
02001,1,1,369
02001,1,1,414
02001,1,1,418
02001,1,1,347
02001,1,1,383
02001,1,1,365
02001,1,1,401
02001,1,1,401
02001,1,1,462
02001,1,1,349
02001,0,0,0
02001,1,1,401
02001,1,1,464
02001,0,1,317
02001,1,1,467
02001,1,1,417
02001,1,1,484
02001,1,1,446
02001,1,1,433
02001,1,1,448
02001,1,1,365
02001,1,1,401
02001,1,1,383
02001,1,1,448
02001,1,1,532
02001,1,1,467
02001,1,1,466
02001,1,1,614
02001,1,1,399
02001,1,1,383
02001,1,1,468
02001,1,1,399
02001,1,1,417
02001,0,0,0
02001,0,0,0
02001,1,1,400
02001,1,1,452
02001,1,1,444
02001,1,1,468
02001,1,1,398
02001,0,0,0
02001,1,1,399
02001,1,1,400
02001,1,1,520
02001,1,1,700
02001,1,1,448
02001,1,1,465
02001,1,1,746
02001,1,1,401
02001,0,0,0
02001,1,1,498
02001,0,0,0
02001,0,0,0
02001,1,1,419
02001,1,1,465
02001,1,1,484
02001,0,1,533
02001,0,0,0
02001,0,0,0
02001,1,1,381
02001,1,1,502
02001,1,1,617
02001,1,1,450
02001,0,0,0
02001,0,0,0
02001,1,1,469
02001,0,0,0
02002,0,0,0
02002,1,0,0
02002,1,1,866
02002,1,1,214
02002,0,1,453
02002,1,1,482
02002,1,1,433
02002,1,1,467
02002,1,1,469
02002,0,0,0
02002,1,1,835
02002,1,1,619
02002,1,1,601
02002,1,1,553
02002,1,1,582
02002,1,1,549
02002,1,1,600
02002,1,1,553
02002,1,1,583
02002,0,0,0
02002,1,1,435
02002,0,0,0
02002,1,1,450
02002,1,1,485
02002,1,1,417
02002,1,1,453
02002,1,1,470
02002,1,1,367
02002,1,1,397
02002,0,0,0
02002,1,1,549
02002,1,1,485
02002,1,1,517
02002,1,1,635
02002,1,1,502
02002,1,1,532
02002,1,1,535
02002,0,0,0
02002,0,0,0
02002,1,1,400
02002,1,1,365
02002,1,1,500
02002,1,1,348
02002,1,1,382
02002,1,1,484
02002,1,1,486
02002,1,1,519
02002,1,1,485
02002,0,0,0
02002,1,1,463
02002,0,0,0
02002,1,1,433
02002,1,1,484
02002,0,0,0
02002,1,1,382
02002,0,0,0
02002,0,0,0
02002,1,1,450
02002,1,1,486
02002,1,1,550
02002,1,1,566
02002,1,1,419
02002,1,1,535
02002,1,1,430
02002,1,1,498
02002,1,1,369
02002,1,1,480
02002,0,0,0
02002,1,1,465
02002,1,1,584
02002,1,1,467
02002,1,1,350
02002,1,1,402
02002,0,0,0
02002,1,1,516
02002,1,1,483
02002,0,0,0
02002,1,1,454
02002,1,1,431
02002,1,1,467
02002,1,1,401
02002,0,0,0
02002,1,1,431
02002,1,1,333
02002,1,1,382
02002,1,1,468
02002,1,1,369
02002,1,1,430
02002,1,1,351
02002,1,1,416
02002,1,1,317
02002,1,1,433
02002,0,0,0
02002,1,1,380
02002,1,1,368
02002,1,1,400
02002,0,0,0
02002,1,1,431
02002,0,1,335
02002,1,1,515
02003,1,1,621
02003,1,1,406
02003,1,1,403
02003,1,1,354
02003,1,1,337
02003,1,1,369
02003,1,1,340
02003,1,1,354
02003,1,1,356
02003,1,1,303
02003,0,0,0
02003,0,0,0
02003,1,1,356
02003,1,1,336
02003,0,0,0
02003,1,1,373
02003,1,1,355
02003,1,1,368
02003,1,1,352
02003,0,0,0
02003,0,0,0
02003,1,1,383
02003,0,0,0
02003,1,1,333
02003,1,1,367
02003,1,1,333
02003,1,1,351
02003,1,1,332
02003,1,1,316
02003,1,1,331
02003,1,1,333
02003,1,1,334
02003,1,1,351
02003,0,0,0
02003,1,1,315
02003,0,0,0
02003,0,0,0
02003,1,1,318
02003,1,1,333
02003,1,1,337
02003,1,1,350
02003,1,1,352
02003,1,1,385
02003,1,1,299
02003,1,1,332
02003,1,1,284
02003,0,0,0
02003,1,1,314
02003,1,1,301
02003,0,0,0
02003,1,1,319
02003,0,0,0
02003,1,1,334
02003,1,1,333
02003,1,1,332
02003,0,0,0
02003,1,1,335
02003,1,1,298
02003,1,1,303
02003,1,1,346
02003,1,1,348
02003,1,1,351
02003,1,1,315
02003,1,1,317
02003,1,1,285
02003,1,1,300
02003,1,1,302
02003,1,1,317
02003,0,1,283
02003,0,0,0
02003,1,1,364
02003,1,1,369
02003,1,1,333
02003,1,1,368
02003,1,1,365
02003,1,1,367
02003,0,0,0
02003,1,1,368
02003,1,1,351
02003,0,0,0
02003,1,1,366
02003,1,1,349
02003,0,0,0
02003,1,1,366
02003,1,1,351
02003,1,1,365
02003,1,1,348
02003,1,1,350
02003,0,0,0
02003,1,1,348
02003,1,1,400
02003,1,1,333
02003,0,0,0
02003,1,1,366
02003,1,1,383
02003,1,1,366
02003,1,1,383
02003,1,1,366
02003,1,1,366
02003,1,1,399
02004,1,1,518
02004,1,1,369
02004,1,1,382
02004,1,1,317
02004,1,1,332
02004,1,1,361
02004,1,1,318
02004,0,0,0
02004,1,1,402
02004,1,1,419
02004,1,1,400
02004,1,1,318
02004,1,1,334
02004,1,1,315
02004,0,0,0
02004,0,0,0
02004,1,1,366
02004,1,1,333
02004,1,1,348
02004,0,0,0
02004,1,1,370
02004,1,1,382
02004,1,1,302
02004,0,0,0
02004,1,1,333
02004,0,0,0
02004,1,1,301
02004,0,0,0
02004,1,1,314
02004,1,1,315
02004,1,1,286
02004,1,1,282
02004,0,0,0
02004,1,1,351
02004,1,1,385
02004,1,1,401
02004,1,1,318
02004,1,1,399
02004,0,0,0
02004,1,1,332
02004,1,1,332
02004,1,1,283
02004,1,1,299
02004,1,1,317
02004,0,0,0
02004,0,0,0
02004,1,1,331
02004,1,1,316
02004,0,0,0
02004,1,1,346
02004,1,1,350
02004,1,1,333
02004,1,1,335
02004,1,1,349
02004,1,1,315
02004,1,1,286
02004,1,1,330
02004,1,1,316
02004,0,0,0
02004,1,1,318
02004,1,1,313
02004,0,1,348
02004,1,1,333
02004,0,0,0
02004,1,1,302
02004,1,1,302
02004,1,1,283
02004,1,1,320
02004,1,1,282
02004,1,1,333
02004,1,1,333
02004,1,1,299
02004,1,1,298
02004,1,1,284
02004,0,0,0
02004,0,1,352
02004,1,1,332
02004,1,1,401
02004,1,1,317
02004,1,1,349
02004,1,1,318
02004,1,1,316
02004,0,0,0
02004,1,1,433
02004,1,1,283
02004,1,1,331
02004,1,1,315
02004,1,1,299
02004,1,1,317
02004,0,0,0
02004,1,1,451
02004,1,1,316
02004,1,1,351
02004,1,1,316
02004,0,0,0
02004,1,1,332
02004,1,1,402
02004,1,1,316
02004,1,1,317
02004,1,1,314
02005,1,1,677
02005,1,1,610
02005,1,1,318
02005,1,1,375
02005,1,1,306
02005,0,0,0
02005,1,1,288
02005,0,0,0
02005,1,1,305
02005,0,0,0
02005,1,1,253
02005,0,0,0
02005,1,1,291
02005,0,0,0
02005,0,1,273
02005,1,1,620
02005,1,1,568
02005,1,1,355
02005,1,1,489
02005,1,1,370
02005,1,1,369
02005,1,1,389
02005,1,1,358
02005,0,0,0
02005,1,1,457
02005,1,1,454
02005,0,0,0
02005,1,1,354
02005,1,1,405
02005,1,1,404
02005,0,0,0
02005,1,1,318
02005,1,1,386
02005,1,1,358
02005,0,0,0
02005,1,1,318
02005,1,1,336
02005,1,1,374
02005,1,1,371
02005,1,1,376
02005,1,1,335
02005,1,1,337
02005,1,1,306
02005,1,1,435
02005,1,1,304
02005,1,1,286
02005,1,1,303
02005,1,1,322
02005,1,1,321
02005,0,0,0
02005,1,1,402
02005,0,1,272
02005,1,1,544
02005,1,1,424
02005,0,0,0
02005,1,1,317
02005,1,1,387
02005,1,1,338
02005,0,1,285
02005,1,1,593
02005,1,1,388
02005,1,1,374
02005,1,1,356
02005,1,1,489
02005,1,1,338
02005,1,1,319
02005,1,1,252
02005,1,1,335
02005,1,1,334
02005,1,1,305
02005,0,1,220
02005,1,1,473
02005,0,0,0
02005,1,1,336
02005,1,1,337
02005,1,1,372
02005,1,1,416
02005,1,1,387
02005,1,1,399
02005,1,1,320
02005,1,1,321
02005,1,1,357
02005,1,1,286
02005,1,1,300
02005,1,1,319
02005,1,1,255
02005,1,1,320
02005,1,1,134
02005,0,1,20
02005,1,1,491
02005,0,1,271
02005,0,0,0
02005,1,1,456
02005,1,1,373
02005,1,1,306
02005,1,1,357
02005,1,1,355
02005,0,0,0
02005,1,1,367
02005,1,1,301
02006,1,1,386
02006,0,0,0
02006,0,0,0
02006,0,0,0
02006,1,1,274
02006,1,1,289
02006,1,1,288
02006,0,0,0
02006,0,0,0
02006,0,0,0
02006,1,1,258
02006,1,1,290
02006,1,1,289
02006,1,1,306
02006,1,1,307
02006,1,1,339
02006,1,1,289
02006,1,1,274
02006,0,0,0
02006,1,1,291
02006,1,1,306
02006,1,1,274
02006,0,0,0
02006,1,1,275
02006,0,0,0
02006,1,1,257
02006,1,1,290
02006,1,1,307
02006,1,1,291
02006,1,1,272
02006,1,1,258
02006,1,1,290
02006,1,1,337
02006,1,1,272
02006,1,1,290
02006,1,1,306
02006,0,0,0
02006,1,1,291
02006,1,1,243
02006,1,1,275
02006,1,1,273
02006,1,1,259
02006,1,1,275
02006,1,1,271
02006,1,1,241
02006,1,1,258
02006,1,1,275
02006,1,1,273
02006,1,1,258
02006,0,0,0
02006,1,1,274
02006,1,1,243
02006,1,1,240
02006,1,1,274
02006,1,1,274
02006,0,0,0
02006,1,1,290
02006,1,1,273
02006,0,0,0
02006,1,1,242
02006,1,1,276
02006,1,1,272
02006,1,1,289
02006,1,1,307
02006,1,1,322
02006,0,0,0
02006,0,0,0
02006,0,0,0
02006,1,1,354
02006,1,1,259
02006,1,1,257
02006,1,1,258
02006,1,1,274
02006,1,1,259
02006,1,1,257
02006,1,1,289
02006,1,1,275
02006,1,1,273
02006,1,1,259
02006,0,0,0
02006,1,1,274
02006,1,1,323
02006,1,1,256
02006,1,1,274
02006,1,1,258
02006,1,1,289
02006,1,1,257
02006,1,1,259
02006,0,0,0
02006,1,1,274
02006,1,1,273
02006,1,1,275
02006,1,1,259
02006,0,0,0
02006,1,1,257
02006,1,1,322
02006,1,1,289
02006,1,1,289
02006,1,1,275
02006,0,0,0
02007,1,1,467
02007,1,1,403
02007,0,0,0
02007,1,1,354
02007,1,1,370
02007,1,1,371
02007,1,1,372
02007,1,1,387
02007,1,1,403
02007,0,0,0
02007,1,1,355
02007,1,1,354
02007,0,0,0
02007,1,1,339
02007,1,1,384
02007,0,0,0
02007,1,1,354
02007,0,0,0
02007,1,1,353
02007,1,1,387
02007,0,0,0
02007,0,0,0
02007,0,0,0
02007,1,1,338
02007,1,1,354
02007,1,1,339
02007,0,0,0
02007,0,0,0
02007,1,1,307
02007,1,1,369
02007,1,1,338
02007,1,1,354
02007,1,1,353
02007,1,1,339
02007,1,1,321
02007,1,1,370
02007,1,1,371
02007,1,1,403
02007,1,1,386
02007,1,1,339
02007,1,1,338
02007,1,1,306
02007,0,0,0
02007,1,1,355
02007,0,1,370
02007,1,1,517
02007,1,1,273
02007,1,1,354
02007,1,1,371
02007,1,1,433
02007,1,1,371
02007,1,1,354
02007,0,0,0
02007,1,1,338
02007,1,1,338
02007,1,1,338
02007,0,0,0
02007,1,1,306
02007,1,1,340
02007,1,1,306
02007,0,0,0
02007,1,1,323
02007,1,1,372
02007,1,1,370
02007,0,0,0
02007,1,1,419
02007,0,0,0
02007,0,0,0
02007,1,1,417
02007,1,1,371
02007,1,1,355
02007,1,1,336
02007,1,1,322
02007,1,1,355
02007,1,1,385
02007,1,1,337
02007,1,1,370
02007,1,1,404
02007,1,1,339
02007,1,1,368
02007,1,1,323
02007,1,1,354
02007,1,1,353
02007,1,1,339
02007,0,0,0
02007,1,1,451
02007,0,0,0
02007,1,1,451
02007,1,1,307
02007,1,1,322
02007,1,1,290
02007,1,1,291
02007,1,1,338
02007,1,1,435
02007,1,1,386
02007,1,1,340
02007,1,1,355
02007,1,1,288
02007,1,1,355
02007,1,1,340
02008,1,1,466
02008,1,1,467
02008,1,1,290
02008,1,1,370
02008,1,1,418
02008,1,1,339
02008,0,0,0
02008,1,1,320
02008,1,1,306
02008,1,1,340
02008,1,1,354
02008,1,1,402
02008,0,1,290
02008,1,1,402
02008,1,1,483
02008,0,0,0
02008,0,0,0
02008,1,1,338
02008,1,1,483
02008,1,1,337
02008,1,1,371
02008,1,1,660
02008,1,1,483
02008,1,1,418
02008,1,1,433
02008,1,1,434
02008,1,1,418
02008,1,1,499
02008,1,1,387
02008,1,1,386
02008,1,1,387
02008,1,1,465
02008,1,1,370
02008,1,1,386
02008,1,1,435
02008,1,1,451
02008,1,1,323
02008,1,1,338
02008,1,1,354
02008,1,1,369
02008,0,0,0
02008,0,0,0
02008,0,0,0
02008,1,1,338
02008,0,0,0
02008,0,0,0
02008,0,0,0
02008,1,1,435
02008,1,1,337
02008,1,1,291
02008,1,1,323
02008,0,0,0
02008,1,1,371
02008,0,0,0
02008,1,1,338
02008,1,1,370
02008,1,1,371
02008,1,1,354
02008,1,1,404
02008,1,1,385
02008,0,0,0
02008,1,1,402
02008,1,1,322
02008,1,1,290
02008,1,1,371
02008,0,0,0
02008,1,1,401
02008,1,1,306
02008,1,1,323
02008,0,0,0
02008,0,0,0
02008,1,1,336
02008,1,1,354
02008,1,1,308
02008,1,1,353
02008,1,1,434
02008,1,1,307
02008,1,1,289
02008,1,1,338
02008,1,1,355
02008,0,0,0
02008,1,1,451
02008,1,1,323
02008,1,1,290
02008,1,1,322
02008,0,0,0
02008,1,1,499
02008,1,1,323
02008,1,1,289
02008,1,1,291
02008,1,1,273
02008,0,0,0
02008,1,1,352
02008,1,1,323
02008,0,0,0
02008,1,1,306
02008,1,1,306
02008,1,1,321
02008,1,1,289
02008,1,1,355
03001,1,1,660
03001,1,1,490
03001,1,1,337
03001,1,1,269
03001,1,1,272
03001,1,1,239
03001,1,1,217
03001,0,1,237
03001,0,0,0
03001,0,0,0
03001,1,1,408
03001,1,1,573
03001,1,1,368
03001,1,1,340
03001,1,1,410
03001,1,1,439
03001,1,1,426
03001,1,1,386
03001,0,0,0
03001,1,1,407
03001,1,1,443
03001,1,1,385
03001,0,0,0
03001,0,0,0
03001,0,0,0
03001,1,1,421
03001,1,1,420
03001,0,0,0
03001,0,0,0
03001,1,1,457
03001,0,0,0
03001,1,1,420
03001,1,1,474
03001,0,0,0
03001,1,1,462
03001,1,1,355
03001,0,0,0
03001,1,1,357
03001,1,1,419
03001,1,1,423
03001,1,1,389
03001,1,1,419
03001,1,1,425
03001,1,1,372
03001,1,1,325
03001,1,1,238
03001,1,1,406
03001,1,1,388
03001,1,1,423
03001,1,1,435
03001,1,1,439
03001,1,1,338
03001,1,1,439
03001,1,1,373
03001,0,0,0
03001,1,1,371
03001,1,1,351
03001,1,1,342
03001,1,1,353
03001,1,1,387
03001,0,0,0
03001,1,1,324
03001,1,1,390
03001,1,1,252
03001,0,0,0
03001,1,1,321
03001,1,1,371
03001,1,1,337
03001,1,1,354
03001,1,1,374
03001,1,1,405
03001,1,1,306
03001,1,1,304
03001,0,0,0
03001,1,1,336
03001,1,1,338
03001,0,1,253
03001,1,1,526
03001,1,1,488
03001,0,0,0
03001,1,1,404
03001,1,1,422
03001,1,1,439
03001,1,1,471
03001,1,1,405
03001,1,1,405
03001,1,1,387
03001,1,1,438
03001,1,1,404
03001,1,1,390
03001,1,1,425
03001,1,1,371
03001,1,1,391
03001,1,1,388
03001,1,1,372
03001,1,1,409
03001,0,0,0
03001,0,1,321
03001,1,1,473
03001,1,1,544
03002,1,1,450
03002,1,1,338
03002,1,1,321
03002,0,0,0
03002,1,1,371
03002,1,1,352
03002,1,1,290
03002,1,1,339
03002,1,1,352
03002,1,1,304
03002,1,1,371
03002,1,1,353
03002,1,1,340
03002,1,1,321
03002,1,1,369
03002,1,1,306
03002,1,1,434
03002,1,1,353
03002,1,1,292
03002,1,1,305
03002,1,1,369
03002,1,1,403
03002,1,1,320
03002,1,1,387
03002,1,1,354
03002,1,1,353
03002,1,1,387
03002,1,1,338
03002,1,1,288
03002,1,1,355
03002,1,1,305
03002,0,0,0
03002,1,1,385
03002,1,1,291
03002,0,0,0
03002,1,1,337
03002,0,1,304
03002,0,0,0
03002,1,1,435
03002,1,1,338
03002,1,1,384
03002,0,0,0
03002,1,1,306
03002,1,1,385
03002,1,1,371
03002,0,0,0
03002,1,1,289
03002,1,1,354
03002,1,1,355
03002,1,1,338
03002,1,1,385
03002,1,1,419
03002,1,1,369
03002,0,0,0
03002,1,1,370
03002,0,0,0
03002,0,0,0
03002,0,0,0
03002,1,1,433
03002,0,0,0
03002,0,0,0
03002,1,1,465
03002,0,0,0
03002,0,0,0
03002,1,1,435
03002,1,1,336
03002,1,1,323
03002,0,0,0
03002,1,1,467
03002,0,0,0
03002,1,1,450
03002,1,1,370
03002,1,1,385
03002,1,1,290
03002,1,1,256
03002,1,1,353
03002,1,1,274
03002,1,1,322
03002,1,1,304
03002,1,1,354
03002,1,1,466
03002,1,1,305
03002,1,1,338
03002,0,1,369
03002,1,1,530
03002,1,1,385
03002,1,1,496
03002,1,1,387
03002,1,1,352
03002,0,0,0
03002,1,1,323
03002,1,1,338
03002,1,1,368
03002,1,1,291
03002,1,1,273
03002,1,1,336
03002,0,0,0
03002,1,1,322
03002,1,1,290
03002,1,1,290
03003,1,1,427
03003,1,1,289
03003,1,1,267
03003,1,1,408
03003,1,1,388
03003,1,1,369
03003,0,0,0
03003,0,0,0
03003,1,1,420
03003,1,1,389
03003,1,1,358
03003,1,1,304
03003,0,0,0
03003,1,1,267
03003,1,1,238
03003,0,1,288
03003,1,1,366
03003,1,1,389
03003,0,0,0
03003,0,0,0
03003,1,1,371
03003,1,1,322
03003,1,1,337
03003,0,1,307
03003,1,1,370
03003,1,1,427
03003,0,0,0
03003,1,1,288
03003,1,1,459
03003,1,1,341
03003,1,1,424
03003,1,1,353
03003,1,1,354
03003,0,0,0
03003,1,1,354
03003,1,1,323
03003,1,1,287
03003,0,1,304
03003,1,1,338
03003,1,1,308
03003,1,1,368
03003,1,1,338
03003,1,1,359
03003,1,1,336
03003,1,1,356
03003,1,1,374
03003,0,0,0
03003,1,1,354
03003,1,1,337
03003,1,1,333
03003,1,1,321
03003,1,1,377
03003,0,0,0
03003,1,1,354
03003,1,1,341
03003,1,1,287
03003,1,1,340
03003,1,1,355
03003,1,1,343
03003,1,1,355
03003,1,1,405
03003,1,1,403
03003,0,0,0
03003,0,0,0
03003,1,1,546
03003,1,1,337
03003,1,1,337
03003,0,0,0
03003,1,1,321
03003,1,1,357
03003,1,1,339
03003,1,1,392
03003,1,1,396
03003,0,0,0
03003,1,1,322
03003,1,1,290
03003,1,1,391
03003,1,1,352
03003,0,0,0
03003,1,1,371
03003,1,1,326
03003,1,1,356
03003,1,1,374
03003,0,0,0
03003,0,0,0
03003,1,1,389
03003,1,1,324
03003,1,1,341
03003,1,1,355
03003,1,1,341
03003,1,1,324
03003,1,1,272
03003,1,1,323
03003,1,1,340
03003,0,0,0
03003,1,1,359
03003,1,1,318
03003,1,1,307
03003,1,1,337
03003,1,1,341
03004,1,1,406
03004,1,1,269
03004,0,0,0
03004,1,1,304
03004,1,1,407
03004,1,1,336
03004,1,1,386
03004,1,1,358
03004,0,0,0
03004,1,1,355
03004,0,0,0
03004,1,1,321
03004,1,1,410
03004,0,0,0
03004,1,1,306
03004,1,1,350
03004,1,1,375
03004,1,1,338
03004,1,1,338
03004,1,1,339
03004,1,1,320
03004,1,1,373
03004,1,1,336
03004,1,1,304
03004,1,1,308
03004,1,1,352
03004,1,1,323
03004,0,1,271
03004,0,0,0
03004,1,1,405
03004,1,1,287
03004,1,1,322
03004,0,0,0
03004,1,1,352
03004,1,1,319
03004,1,1,404
03004,1,1,340
03004,1,1,320
03004,1,1,358
03004,1,1,386
03004,1,1,412
03004,1,1,389
03004,1,1,389
03004,1,1,414
03004,1,1,371
03004,1,1,370
03004,1,1,375
03004,0,0,0
03004,1,1,355
03004,0,0,0
03004,1,1,371
03004,1,1,307
03004,0,0,0
03004,1,1,320
03004,1,1,357
03004,1,1,321
03004,1,1,321
03004,1,1,273
03004,1,1,337
03004,1,1,354
03004,1,1,302
03004,1,1,358
03004,1,1,254
03004,1,1,221
03004,0,0,0
03004,1,1,272
03004,0,0,0
03004,1,1,355
03004,1,1,341
03004,1,1,342
03004,0,0,0
03004,0,0,0
03004,0,0,0
03004,1,1,574
03004,1,1,302
03004,1,1,357
03004,1,1,322
03004,1,1,254
03004,0,1,222
03004,1,1,356
03004,1,1,355
03004,1,1,441
03004,1,1,272
03004,1,1,393
03004,1,1,351
03004,1,1,359
03004,1,1,355
03004,1,1,348
03004,0,0,0
03004,1,1,338
03004,1,1,306
03004,1,1,338
03004,1,1,336
03004,1,1,340
03004,0,0,0
03004,1,1,340
03004,1,1,321
03004,1,1,291
03004,0,0,0
03004,0,0,0
03005,1,1,655
03005,1,1,494
03005,1,1,334
03005,1,1,290
03005,1,1,271
03005,0,0,0
03005,1,1,407
03005,1,1,420
03005,1,1,385
03005,1,1,376
03005,1,1,409
03005,1,1,454
03005,1,1,372
03005,1,1,358
03005,1,1,424
03005,1,1,425
03005,1,1,491
03005,1,1,368
03005,1,1,405
03005,1,1,403
03005,0,0,0
03005,0,0,0
03005,0,0,0
03005,1,1,407
03005,0,0,0
03005,1,1,424
03005,0,0,0
03005,1,1,506
03005,1,1,557
03005,0,0,0
03005,0,0,0
03005,0,0,0
03005,1,1,463
03005,1,1,428
03005,0,0,0
03005,1,1,425
03005,1,1,409
03005,1,1,389
03005,0,0,0
03005,1,1,474
03005,1,1,461
03005,1,1,419
03005,1,1,427
03005,1,1,443
03005,0,0,0
03005,1,1,457
03005,1,1,374
03005,1,1,354
03005,1,1,372
03005,1,1,405
03005,1,1,424
03005,1,1,406
03005,0,0,0
03005,1,1,529
03005,1,1,376
03005,0,0,0
03005,1,1,452
03005,1,1,426
03005,1,1,408
03005,1,1,421
03005,1,1,421
03005,1,1,440
03005,0,0,0
03005,1,1,456
03005,1,1,474
03005,0,0,0
03005,1,1,491
03005,1,1,518
03005,1,1,487
03005,1,1,492
03005,1,1,460
03005,1,1,443
03005,1,1,441
03005,0,0,0
03005,0,0,0
03005,1,1,463
03005,1,1,410
03005,1,1,390
03005,1,1,392
03005,1,1,389
03005,1,1,407
03005,1,1,354
03005,1,1,423
03005,1,1,442
03005,1,1,412
03005,1,1,492
03005,1,1,385
03005,0,0,0
03005,1,1,540
03005,1,1,425
03005,1,1,389
03005,1,1,426
03005,1,1,457
03005,1,1,416
03005,1,1,409
03005,1,1,376
03005,0,0,0
03005,1,1,391
03005,1,1,369
03005,1,1,391
03006,0,0,0
03006,1,1,419
03006,0,0,0
03006,1,1,354
03006,1,1,419
03006,1,1,338
03006,1,1,321
03006,1,1,289
03006,1,1,289
03006,1,1,274
03006,0,1,290
03006,0,0,0
03006,1,1,322
03006,1,1,305
03006,1,1,305
03006,1,1,320
03006,1,1,321
03006,1,1,273
03006,1,1,306
03006,1,1,339
03006,1,1,368
03006,1,1,305
03006,1,1,322
03006,0,0,0
03006,1,1,304
03006,1,1,273
03006,1,1,306
03006,1,1,289
03006,1,1,322
03006,1,1,290
03006,1,1,320
03006,1,1,289
03006,1,1,337
03006,0,0,0
03006,1,1,305
03006,1,1,275
03006,1,1,305
03006,0,1,306
03006,1,1,386
03006,1,1,337
03006,1,1,352
03006,1,1,306
03006,1,1,354
03006,0,1,273
03006,1,1,354
03006,1,1,321
03006,1,1,321
03006,1,1,306
03006,1,1,321
03006,0,0,0
03006,1,1,306
03006,0,1,306
03006,1,1,402
03006,0,0,0
03006,1,1,322
03006,1,1,322
03006,0,0,0
03006,1,1,305
03006,1,1,289
03006,1,1,368
03006,1,1,290
03006,1,1,305
03006,1,1,322
03006,1,1,370
03006,1,1,321
03006,0,0,0
03006,1,1,289
03006,1,1,354
03006,1,1,304
03006,1,1,354
03006,1,1,338
03006,1,1,305
03006,1,1,306
03006,1,1,306
03006,0,0,0
03006,1,1,290
03006,1,1,257
03006,1,1,274
03006,0,0,0
03006,1,1,289
03006,1,1,306
03006,0,0,0
03006,1,1,273
03006,1,1,274
03006,0,1,275
03006,1,1,465
03006,1,1,386
03006,1,1,274
03006,1,1,306
03006,1,1,336
03006,1,1,289
03006,1,1,354
03006,1,1,305
03006,1,1,354
03006,1,1,337
03006,0,0,0
03006,1,1,290
03006,1,1,227
03006,0,1,707
03006,0,1,353
03007,0,0,0
03007,1,1,482
03007,0,0,0
03007,1,1,290
03007,0,0,0
03007,1,1,290
03007,1,1,416
03007,1,1,290
03007,1,1,258
03007,1,1,289
03007,1,1,322
03007,1,1,307
03007,0,0,0
03007,1,1,305
03007,1,1,370
03007,1,1,338
03007,0,0,0
03007,1,1,337
03007,1,1,322
03007,1,1,337
03007,1,1,322
03007,1,1,288
03007,1,1,305
03007,1,1,273
03007,0,0,0
03007,0,0,0
03007,1,1,338
03007,1,1,322
03007,1,1,322
03007,1,1,289
03007,1,1,322
03007,1,1,338
03007,1,1,306
03007,1,1,306
03007,1,1,305
03007,1,0,0
03007,1,1,305
03007,1,1,305
03007,1,1,320
03007,1,1,290
03007,1,1,273
03007,1,1,256
03007,1,1,273
03007,1,1,258
03007,0,0,0
03007,1,0,0
03007,1,1,340
03007,0,0,0
03007,1,1,258
03007,0,0,0
03007,1,1,241
03007,0,0,0
03007,0,0,0
03007,1,1,320
03007,1,1,321
03007,1,1,339
03007,0,0,0
03007,1,1,273
03007,1,1,289
03007,1,1,290
03007,1,1,321
03007,1,1,289
03007,0,0,0
03007,1,1,257
03007,1,0,0
03007,1,1,304
03007,1,1,305
03007,1,1,289
03007,0,0,0
03007,1,1,304
03007,1,1,321
03007,1,1,305
03007,1,1,289
03007,0,0,0
03007,1,1,321
03007,1,1,289
03007,1,1,305
03007,1,1,306
03007,1,1,304
03007,0,0,0
03007,1,1,288
03007,1,1,305
03007,1,1,273
03007,1,1,290
03007,0,1,289
03007,1,1,337
03007,1,1,338
03007,1,1,306
03007,1,1,304
03007,1,1,322
03007,0,0,0
03007,1,1,241
03007,0,0,0
03007,1,1,288
03007,1,1,433
03007,1,1,288
03007,1,1,354
03007,1,1,290
03007,1,1,274
03007,1,1,273
03008,1,1,457
03008,1,1,491
03008,1,1,369
03008,1,1,320
03008,1,1,297
03008,1,1,203
03008,1,1,333
03008,1,1,237
03008,1,1,254
03008,1,1,386
03008,1,1,353
03008,1,1,321
03008,1,1,217
03008,1,1,304
03008,1,1,269
03008,1,1,340
03008,1,1,254
03008,1,1,238
03008,1,1,238
03008,1,1,254
03008,0,1,321
03008,1,1,419
03008,1,1,223
03008,1,1,382
03008,0,1,251
03008,1,1,453
03008,0,0,0
03008,1,1,337
03008,1,1,524
03008,1,1,400
03008,1,1,442
03008,1,1,370
03008,1,1,490
03008,1,1,381
03008,1,1,435
03008,0,0,0
03008,0,1,255
03008,0,0,0
03008,1,1,437
03008,0,0,0
03008,0,0,0
03008,1,1,405
03008,0,0,0
03008,1,1,385
03008,1,1,489
03008,1,1,370
03008,1,1,454
03008,1,1,403
03008,1,1,426
03008,1,1,373
03008,1,1,442
03008,0,0,0
03008,0,0,0
03008,1,1,405
03008,1,1,439
03008,1,1,453
03008,0,0,0
03008,1,1,406
03008,0,0,0
03008,1,1,408
03008,0,0,0
03008,1,1,471
03008,1,1,390
03008,0,0,0
03008,1,1,369
03008,1,1,357
03008,1,1,357
03008,1,1,402
03008,1,1,489
03008,1,1,411
03008,0,0,0
03008,1,1,439
03008,1,1,340
03008,1,1,335
03008,0,1,303
03008,0,0,0
03008,1,1,425
03008,1,1,627
03008,1,1,372
03008,1,1,440
03008,1,1,405
03008,1,1,749
03008,1,1,405
03008,1,1,521
03008,1,1,369
03008,0,0,0
03008,1,1,371
03008,1,1,417
03008,1,1,370
03008,1,1,368
03008,1,1,536
03008,1,1,359
03008,1,1,392
03008,1,1,387
03008,1,1,389
03008,1,1,372
03008,1,1,286
03008,1,1,352
03008,1,1,288
03008,0,0,0
04001,1,1,432
04001,1,1,467
04001,1,1,528
04001,1,1,452
04001,0,0,0
04001,1,1,433
04001,0,0,0
04001,1,1,386
04001,1,1,434
04001,1,1,418
04001,1,1,437
04001,1,1,401
04001,1,1,404
04001,0,0,0
04001,1,1,400
04001,1,1,434
04001,1,1,353
04001,1,1,385
04001,0,0,0
04001,1,1,355
04001,1,1,369
04001,1,1,355
04001,1,1,404
04001,1,1,402
04001,0,0,0
04001,1,1,436
04001,1,1,450
04001,1,1,306
04001,0,0,0
04001,1,1,403
04001,1,1,352
04001,1,1,355
04001,1,1,355
04001,1,1,385
04001,0,0,0
04001,0,0,0
04001,1,1,356
04001,0,0,0
04001,1,1,402
04001,1,1,485
04001,1,1,386
04001,1,1,385
04001,0,0,0
04001,1,1,387
04001,1,1,402
04001,1,1,387
04001,1,1,371
04001,1,1,448
04001,1,1,468
04001,1,1,401
04001,1,1,452
04001,1,1,417
04001,0,0,0
04001,1,1,468
04001,1,1,402
04001,1,1,387
04001,1,1,387
04001,1,1,385
04001,1,1,372
04001,1,1,384
04001,1,1,436
04001,0,0,0
04001,1,1,371
04001,1,1,305
04001,1,1,307
04001,1,1,483
04001,1,1,739
04001,1,1,305
04001,1,1,386
04001,0,0,0
04001,1,1,355
04001,0,1,289
04001,1,1,322
04001,1,1,370
04001,0,0,0
04001,1,1,354
04001,0,0,0
04001,1,1,387
04001,1,1,466
04001,0,0,0
04001,1,1,339
04001,0,0,0
04001,1,1,356
04001,1,1,467
04001,1,1,437
04001,1,1,419
04001,1,1,453
04001,1,1,515
04001,1,1,453
04001,0,0,0
04001,0,0,0
04001,1,1,435
04001,1,1,434
04001,1,1,436
04001,1,1,450
04001,1,1,468
04001,1,1,386
04001,1,1,340
04001,1,1,404
04001,1,1,532
04002,1,1,469
04002,1,1,371
04002,1,1,321
04002,1,1,259
04002,0,0,0
04002,0,1,322
04002,1,1,418
04002,1,1,340
04002,1,1,306
04002,1,1,321
04002,1,1,307
04002,1,1,321
04002,1,1,305
04002,1,1,354
04002,1,1,290
04002,1,1,288
04002,1,1,274
04002,0,0,0
04002,1,1,292
04002,1,1,305
04002,1,1,322
04002,1,1,371
04002,1,1,338
04002,1,1,339
04002,1,1,372
04002,1,1,322
04002,0,0,0
04002,1,1,289
04002,1,1,276
04002,1,1,290
04002,1,1,273
04002,1,1,292
04002,0,0,0
04002,1,1,322
04002,0,0,0
04002,0,0,0
04002,0,0,0
04002,1,1,403
04002,1,1,372
04002,0,0,0
04002,1,1,353
04002,1,1,419
04002,0,0,0
04002,0,0,0
04002,1,1,387
04002,1,1,307
04002,1,1,322
04002,0,0,0
04002,1,1,370
04002,1,1,467
04002,1,1,355
04002,1,1,337
04002,1,1,340
04002,1,1,339
04002,1,1,370
04002,1,1,453
04002,0,0,0
04002,1,1,451
04002,1,1,306
04002,1,1,307
04002,1,1,386
04002,1,1,356
04002,1,1,306
04002,1,1,337
04002,0,0,0
04002,0,0,0
04002,1,1,387
04002,1,1,339
04002,1,1,370
04002,1,1,371
04002,1,1,305
04002,1,1,338
04002,1,1,340
04002,0,0,0
04002,1,1,320
04002,1,1,353
04002,0,1,453
04002,1,1,305
04002,1,1,340
04002,1,1,322
04002,0,0,0
04002,1,1,371
04002,1,1,295
04002,1,1,354
04002,1,1,306
04002,1,1,324
04002,1,1,339
04002,1,1,353
04002,1,1,356
04002,0,0,0
04002,1,1,370
04002,1,1,306
04002,1,1,324
04002,1,1,337
04002,1,1,355
04002,1,1,389
04002,1,1,322
04002,0,0,0
04002,1,1,338
04002,1,1,308
04003,1,1,322
04003,1,1,289
04003,1,1,272
04003,1,1,306
04003,1,1,306
04003,0,0,0
04003,0,1,272
04003,1,1,255
04003,1,1,374
04003,1,1,339
04003,1,1,306
04003,1,1,272
04003,1,1,323
04003,0,0,0
04003,1,1,323
04003,0,0,0
04003,1,1,289
04003,1,1,357
04003,1,1,289
04003,0,0,0
04003,0,0,0
04003,1,1,357
04003,1,1,306
04003,1,1,255
04003,0,0,0
04003,1,1,306
04003,0,0,0
04003,1,1,305
04003,1,1,289
04003,1,1,323
04003,1,1,272
04003,1,1,323
04003,0,0,0
04003,1,1,289
04003,1,1,255
04003,1,1,306
04003,1,1,289
04003,0,0,0
04003,1,1,153
04003,1,1,271
04003,1,1,271
04003,1,1,307
04003,0,1,238
04003,1,1,323
04003,1,1,341
04003,1,1,340
04003,1,1,306
04003,0,0,0
04003,0,0,0
04003,1,1,306
04003,1,1,289
04003,1,1,289
04003,0,0,0
04003,1,1,306
04003,1,1,272
04003,1,1,272
04003,1,1,289
04003,1,1,321
04003,1,1,306
04003,1,1,306
04003,1,1,340
04003,1,1,289
04003,0,1,272
04003,1,1,374
04003,1,1,357
04003,1,1,373
04003,1,1,288
04003,1,1,425
04003,1,1,306
04003,1,1,357
04003,1,1,374
04003,0,0,0
04003,1,1,305
04003,1,1,288
04003,1,1,322
04003,1,1,323
04003,1,1,307
04003,1,1,306
04003,1,1,340
04003,1,1,357
04003,1,1,271
04003,1,1,339
04003,1,1,306
04003,1,1,324
04003,0,0,0
04003,0,0,0
04003,0,0,0
04003,1,1,323
04003,1,1,306
04003,1,1,306
04003,1,1,272
04003,1,1,323
04003,1,1,289
04003,1,1,289
04003,1,1,339
04003,1,1,339
04003,1,1,322
04003,1,1,322
04003,0,0,0
04003,1,1,323
04004,1,1,305
04004,1,1,340
04004,1,1,322
04004,1,1,339
04004,1,1,306
04004,1,1,323
04004,1,1,357
04004,1,1,323
04004,1,1,323
04004,0,0,0
04004,1,1,289
04004,1,1,306
04004,1,1,306
04004,1,1,476
04004,1,1,255
04004,0,0,0
04004,1,1,272
04004,1,1,288
04004,1,1,255
04004,1,1,271
04004,1,1,323
04004,1,1,289
04004,1,1,306
04004,1,1,255
04004,1,1,408
04004,1,1,306
04004,0,1,271
04004,1,1,271
04004,0,0,0
04004,0,0,0
04004,1,1,289
04004,1,1,323
04004,0,0,0
04004,1,1,357
04004,0,0,0
04004,1,1,272
04004,0,0,0
04004,1,1,238
04004,1,1,305
04004,1,1,136
04004,1,1,305
04004,0,0,0
04004,0,0,0
04004,0,0,0
04004,1,1,306
04004,1,1,323
04004,1,1,306
04004,0,0,0
04004,1,1,323
04004,1,1,323
04004,1,1,306
04004,1,1,289
04004,0,0,0
04004,0,0,0
04004,1,1,306
04004,1,1,374
04004,1,1,289
04004,1,1,306
04004,1,1,306
04004,1,1,323
04004,1,1,306
04004,1,1,306
04004,1,1,288
04004,1,1,255
04004,1,1,340
04004,1,1,289
04004,1,1,373
04004,1,1,289
04004,1,1,306
04004,0,0,0
04004,1,1,306
04004,1,1,306
04004,1,1,306
04004,1,1,306
04004,0,0,0
04004,1,1,305
04004,0,1,153
04004,1,1,340
04004,1,1,289
04004,1,1,306
04004,1,1,323
04004,1,1,322
04004,1,1,356
04004,1,1,339
04004,1,1,323
04004,1,1,340
04004,1,1,340
04004,1,1,340
04004,0,0,0
04004,1,1,306
04004,1,1,238
04004,0,1,289
04004,1,1,306
04004,1,1,374
04004,0,0,0
04004,1,1,323
04004,1,1,306
04004,1,1,339
04004,1,1,323
04004,1,1,340
04005,0,0,0
04005,1,1,527
04005,1,1,475
04005,0,0,0
04005,1,1,492
04005,1,1,509
04005,1,1,493
04005,1,1,646
04005,1,1,748
04005,1,1,544
04005,1,1,425
04005,1,1,374
04005,0,0,0
04005,1,1,390
04005,0,0,0
04005,1,1,493
04005,1,1,561
04005,0,0,0
04005,1,1,442
04005,1,1,476
04005,1,1,595
04005,1,1,391
04005,1,1,357
04005,0,0,0
04005,1,1,391
04005,1,1,425
04005,1,1,374
04005,1,1,408
04005,1,1,408
04005,0,0,0
04005,1,1,475
04005,1,1,425
04005,1,1,425
04005,1,1,340
04005,1,1,459
04005,1,1,493
04005,0,0,0
04005,1,1,425
04005,1,1,544
04005,1,1,645
04005,1,1,459
04005,0,0,0
04005,1,1,509
04005,1,1,560
04005,1,1,679
04005,1,1,629
04005,1,1,391
04005,1,1,765
04005,1,1,408
04005,1,1,374
04005,0,0,0
04005,1,1,408
04005,1,1,713
04005,0,0,0
04005,1,1,408
04005,1,1,391
04005,1,1,357
04005,1,1,493
04005,0,0,0
04005,0,0,0
04005,1,1,391
04005,1,1,408
04005,0,0,0
04005,0,0,0
04005,1,1,459
04005,1,1,714
04005,1,1,442
04005,1,1,646
04005,1,1,594
04005,1,1,458
04005,1,1,441
04005,1,1,374
04005,1,1,475
04005,1,1,339
04005,1,1,441
04005,1,1,340
04005,1,1,408
04005,1,1,340
04005,1,1,425
04005,1,1,374
04005,1,1,459
04005,0,0,0
04005,1,1,357
04005,1,1,425
04005,0,0,0
04005,1,1,509
04005,1,1,459
04005,1,1,594
04005,1,1,458
04005,1,1,696
04005,1,1,441
04005,1,1,407
04005,1,1,408
04005,1,1,492
04005,0,0,0
04005,0,0,0
04005,1,1,408
04005,1,1,408
04005,0,0,0
04005,1,1,357
04006,0,0,0
04006,1,1,374
04006,1,1,517
04006,0,0,0
04006,1,1,340
04006,1,1,408
04006,1,1,390
04006,1,1,339
04006,1,1,391
04006,1,1,425
04006,1,1,340
04006,1,1,390
04006,1,1,373
04006,1,1,373
04006,1,1,289
04006,1,1,357
04006,0,1,255
04006,1,1,408
04006,1,1,425
04006,1,1,459
04006,0,0,0
04006,1,1,391
04006,1,1,391
04006,1,1,408
04006,1,1,356
04006,0,0,0
04006,1,1,662
04006,1,1,390
04006,1,1,476
04006,1,1,442
04006,1,1,323
04006,1,1,476
04006,1,1,561
04006,0,0,0
04006,1,1,407
04006,1,1,424
04006,1,1,578
04006,1,1,374
04006,0,0,0
04006,1,1,408
04006,1,1,408
04006,1,1,426
04006,1,1,577
04006,1,1,459
04006,0,0,0
04006,1,1,374
04006,1,1,561
04006,0,0,0
04006,0,0,0
04006,1,1,459
04006,1,1,509
04006,0,0,0
04006,1,1,476
04006,1,1,510
04006,1,1,850
04006,1,1,510
04006,1,1,425
04006,1,1,441
04006,1,1,409
04006,1,1,425
04006,1,1,340
04006,1,1,323
04006,1,1,322
04006,1,1,391
04006,1,1,340
04006,0,0,0
04006,1,1,272
04006,0,0,0
04006,0,0,0
04006,1,1,408
04006,0,0,0
04006,1,1,323
04006,1,1,374
04006,0,0,0
04006,1,1,357
04006,1,1,374
04006,1,1,340
04006,1,1,306
04006,1,1,307
04006,1,1,340
04006,0,0,0
04006,1,1,323
04006,1,1,323
04006,1,1,374
04006,1,1,272
04006,1,1,340
04006,1,1,374
04006,0,0,0
04006,0,0,0
04006,1,1,340
04006,1,1,341
04006,1,1,390
04006,1,1,407
04006,1,1,339
04006,0,0,0
04006,1,1,476
04006,1,1,357
04006,1,1,390
04006,1,1,373
04006,1,1,373
04007,1,1,476
04007,1,1,374
04007,1,1,340
04007,0,0,0
04007,1,1,374
04007,1,1,374
04007,1,1,390
04007,1,1,407
04007,0,0,0
04007,1,1,323
04007,1,1,374
04007,0,0,0
04007,1,1,356
04007,1,1,390
04007,1,1,373
04007,0,0,0
04007,1,1,373
04007,0,0,0
04007,1,1,358
04007,1,1,374
04007,1,1,374
04007,0,0,0
04007,0,0,0
04007,1,1,424
04007,1,1,374
04007,1,1,374
04007,1,1,373
04007,1,1,355
04007,1,1,340
04007,1,1,391
04007,1,1,339
04007,1,1,340
04007,0,0,0
04007,1,1,323
04007,1,1,340
04007,1,1,306
04007,1,1,323
04007,0,0,0
04007,0,0,0
04007,1,1,391
04007,1,1,340
04007,1,1,306
04007,1,1,289
04007,1,1,289
04007,1,1,322
04007,1,1,305
04007,1,1,322
04007,1,1,323
04007,1,1,358
04007,0,0,0
04007,1,1,408
04007,0,0,0
04007,1,1,374
04007,1,1,357
04007,1,1,340
04007,1,1,391
04007,1,1,373
04007,1,1,339
04007,0,0,0
04007,1,1,323
04007,1,1,323
04007,1,1,340
04007,1,1,374
04007,1,1,357
04007,1,1,357
04007,1,1,357
04007,1,1,425
04007,1,1,340
04007,1,1,391
04007,0,0,0
04007,1,1,374
04007,1,1,374
04007,1,1,340
04007,1,1,340
04007,0,0,0
04007,0,0,0
04007,1,1,340
04007,1,1,340
04007,1,1,340
04007,1,1,323
04007,1,1,357
04007,1,1,306
04007,1,1,323
04007,0,0,0
04007,1,1,339
04007,1,1,288
04007,1,1,390
04007,0,0,0
04007,1,1,357
04007,1,1,374
04007,1,1,357
04007,1,1,408
04007,0,0,0
04007,1,1,441
04007,1,1,340
04007,1,1,323
04007,0,0,0
04007,1,1,459
04007,1,1,357
04007,1,1,340
04008,0,0,0
04008,1,1,425
04008,1,1,341
04008,1,1,306
04008,1,1,306
04008,1,1,289
04008,1,1,272
04008,1,1,289
04008,0,0,0
04008,0,0,0
04008,1,1,357
04008,1,1,289
04008,1,1,305
04008,1,1,340
04008,1,1,340
04008,1,1,323
04008,0,1,289
04008,0,0,0
04008,0,0,0
04008,1,1,424
04008,1,1,373
04008,1,1,391
04008,1,1,323
04008,1,1,306
04008,0,0,0
04008,0,0,0
04008,1,1,425
04008,1,1,306
04008,1,1,340
04008,1,1,271
04008,0,0,0
04008,1,1,544
04008,0,0,0
04008,1,1,356
04008,1,1,289
04008,1,1,289
04008,1,1,305
04008,1,1,238
04008,0,0,0
04008,1,1,542
04008,1,1,298
04008,1,1,305
04008,1,1,271
04008,1,1,255
04008,1,1,270
04008,0,1,272
04008,1,1,339
04008,0,0,0
04008,1,1,408
04008,0,0,0
04008,1,1,391
04008,1,1,340
04008,1,1,289
04008,1,1,323
04008,1,1,305
04008,1,1,288
04008,1,1,306
04008,1,1,289
04008,1,1,323
04008,1,1,323
04008,1,1,323
04008,1,1,306
04008,0,1,255
04008,1,1,425
04008,1,1,306
04008,1,1,323
04008,1,1,322
04008,1,1,357
04008,0,0,0
04008,1,1,493
04008,1,1,391
04008,1,1,323
04008,0,0,0
04008,0,0,0
04008,1,1,357
04008,0,0,0
04008,1,1,442
04008,1,1,340
04008,1,1,374
04008,1,1,374
04008,1,1,288
04008,1,1,340
04008,0,0,0
04008,1,1,357
04008,1,1,307
04008,1,1,323
04008,1,1,323
04008,1,1,323
04008,1,1,306
04008,1,1,340
04008,1,1,356
04008,1,1,272
04008,1,1,373
04008,1,1,340
04008,1,1,357
04008,1,1,305
04008,1,1,373
04008,1,1,339
04008,1,1,357
04008,1,1,356
05001,1,1,418
05001,0,1,269
05001,1,1,606
05001,1,1,333
05001,1,1,430
05001,1,1,367
05001,0,0,0
05001,1,1,349
05001,1,1,400
05001,1,1,367
05001,0,0,0
05001,0,0,0
05001,1,1,333
05001,1,1,350
05001,1,1,333
05001,1,1,318
05001,0,0,0
05001,0,0,0
05001,1,1,381
05001,0,0,0
05001,1,1,350
05001,0,0,0
05001,1,1,351
05001,0,0,0
05001,1,1,305
05001,1,1,500
05001,1,1,351
05001,1,1,366
05001,1,1,320
05001,0,1,381
05001,1,1,417
05001,1,1,330
05001,0,0,0
05001,1,1,348
05001,1,1,398
05001,1,1,316
05001,1,1,301
05001,1,1,404
05001,1,1,350
05001,1,1,332
05001,1,1,386
05001,1,1,302
05001,1,1,315
05001,1,1,334
05001,1,1,284
05001,1,1,334
05001,0,0,0
05001,1,1,299
05001,1,1,319
05001,1,1,331
05001,1,1,333
05001,1,1,318
05001,1,1,319
05001,1,1,369
05001,0,0,0
05001,1,1,351
05001,1,1,402
05001,1,1,350
05001,1,1,332
05001,1,1,319
05001,1,1,316
05001,1,1,352
05001,0,0,0
05001,1,1,323
05001,1,1,425
05001,1,1,332
05001,1,1,402
05001,1,1,301
05001,1,1,317
05001,1,1,349
05001,1,1,316
05001,0,1,300
05001,0,0,0
05001,1,1,334
05001,1,1,451
05001,1,1,439
05001,1,1,351
05001,0,0,0
05001,1,1,332
05001,1,1,317
05001,1,1,334
05001,1,1,300
05001,1,1,351
05001,1,1,438
05001,0,0,0
05001,1,1,316
05001,0,0,0
05001,1,1,363
05001,1,1,556
05001,1,1,350
05001,1,1,351
05001,1,1,383
05001,1,1,319
05001,1,1,518
05001,1,1,298
05001,0,0,0
05001,1,1,317
05001,1,1,317
05001,1,1,302
05001,1,1,369
05002,1,1,334
05002,1,1,399
05002,1,1,273
05002,1,1,340
05002,1,1,339
05002,1,1,218
05002,1,1,253
05002,1,1,297
05002,1,1,321
05002,1,1,333
05002,1,1,298
05002,1,1,234
05002,1,1,85
05002,1,1,235
05002,1,1,253
05002,0,1,200
05002,1,1,336
05002,0,1,288
05002,1,1,415
05002,1,1,382
05002,0,1,267
05002,1,1,318
05002,1,1,419
05002,1,1,368
05002,1,1,316
05002,1,1,350
05002,0,0,0
05002,1,1,317
05002,1,1,382
05002,1,1,334
05002,1,1,318
05002,1,1,301
05002,1,1,318
05002,1,1,298
05002,1,1,302
05002,1,1,118
05002,1,1,333
05002,0,1,199
05002,0,1,302
05002,1,1,401
05002,0,1,331
05002,1,1,369
05002,1,1,347
05002,1,1,501
05002,1,1,299
05002,1,1,561
05002,1,1,305
05002,1,1,305
05002,1,1,306
05002,1,1,578
05002,1,1,543
05002,0,0,0
05002,0,0,0
05002,1,1,435
05002,1,1,267
05002,0,0,0
05002,1,1,367
05002,0,1,331
05002,1,1,632
05002,1,1,332
05002,1,1,385
05002,0,1,398
05002,1,1,318
05002,1,1,665
05002,0,1,16
05002,1,1,582
05002,1,1,383
05002,1,1,301
05002,1,1,300
05002,0,0,0
05002,1,1,302
05002,0,0,0
05002,1,1,301
05002,1,1,435
05002,1,1,302
05002,1,1,297
05002,0,0,0
05002,0,1,285
05002,1,1,568
05002,1,1,285
05002,1,1,284
05002,1,1,317
05002,1,1,368
05002,1,1,333
05002,1,1,318
05002,1,1,318
05002,1,1,285
05002,0,1,281
05002,1,1,384
05002,1,1,317
05002,1,1,299
05002,1,1,267
05002,1,1,317
05002,1,1,318
05002,0,0,0
05002,1,1,301
05002,1,1,301
05002,1,1,289
05002,0,0,0
05002,1,1,319
05003,1,1,475
05003,0,1,238
05003,1,1,288
05003,0,0,0
05003,0,0,0
05003,0,0,0
05003,1,1,337
05003,1,1,339
05003,1,1,289
05003,1,1,306
05003,1,1,287
05003,1,1,305
05003,1,1,322
05003,0,0,0
05003,1,1,254
05003,1,1,271
05003,1,1,272
05003,0,0,0
05003,1,1,271
05003,1,1,271
05003,1,1,271
05003,1,1,271
05003,1,1,304
05003,0,0,0
05003,1,1,306
05003,1,1,372
05003,1,1,524
05003,1,1,339
05003,1,1,304
05003,0,0,0
05003,1,1,305
05003,1,1,406
05003,1,1,355
05003,1,1,577
05003,1,1,340
05003,1,1,322
05003,1,1,322
05003,1,1,322
05003,1,1,303
05003,1,1,288
05003,1,1,355
05003,0,0,0
05003,1,1,305
05003,1,1,322
05003,1,1,372
05003,1,1,488
05003,1,1,389
05003,0,0,0
05003,1,1,439
05003,1,1,423
05003,1,1,542
05003,1,1,339
05003,1,1,490
05003,1,1,305
05003,0,1,51
05003,1,1,541
05003,1,1,764
05003,1,1,339
05003,1,1,355
05003,1,1,289
05003,1,1,307
05003,1,1,272
05003,1,1,288
05003,1,1,270
05003,1,1,272
05003,0,0,0
05003,1,1,270
05003,1,1,269
05003,0,0,0
05003,0,0,0
05003,1,1,356
05003,1,1,323
05003,1,1,289
05003,1,1,271
05003,1,1,288
05003,1,1,321
05003,1,1,289
05003,1,1,271
05003,1,1,288
05003,0,0,0
05003,1,1,288
05003,0,0,0
05003,1,1,218
05003,0,1,254
05003,0,0,0
05003,1,1,255
05003,0,0,0
05003,1,1,304
05003,1,1,288
05003,1,1,272
05003,0,0,0
05003,1,1,271
05003,1,1,287
05003,1,1,288
05003,1,1,254
05003,1,1,288
05003,1,1,289
05003,1,1,305
05003,1,1,305
05003,1,1,288
05004,1,1,645
05004,0,0,0
05004,1,1,372
05004,1,1,406
05004,1,1,322
05004,1,1,389
05004,1,1,373
05004,1,1,370
05004,1,1,370
05004,1,1,288
05004,0,0,0
05004,1,1,340
05004,1,1,559
05004,0,0,0
05004,1,1,339
05004,1,1,322
05004,1,1,473
05004,1,1,338
05004,1,1,422
05004,1,1,271
05004,0,1,339
05004,1,1,289
05004,1,1,305
05004,1,1,306
05004,0,0,0
05004,1,1,355
05004,1,1,372
05004,0,0,0
05004,1,1,322
05004,1,1,357
05004,1,1,339
05004,1,1,321
05004,1,1,238
05004,1,1,288
05004,1,1,271
05004,1,1,254
05004,1,1,272
05004,1,1,321
05004,1,1,254
05004,1,1,270
05004,1,1,338
05004,1,1,321
05004,1,1,304
05004,1,1,337
05004,0,0,0
05004,0,0,0
05004,0,0,0
05004,1,1,289
05004,1,1,338
05004,1,1,322
05004,1,1,322
05004,0,0,0
05004,0,0,0
05004,0,0,0
05004,1,1,288
05004,1,1,286
05004,1,1,322
05004,1,1,389
05004,0,0,0
05004,1,1,559
05004,1,1,357
05004,1,1,340
05004,1,1,356
05004,1,1,303
05004,1,1,322
05004,1,1,322
05004,0,0,0
05004,1,1,355
05004,1,1,320
05004,1,1,322
05004,1,1,288
05004,1,1,271
05004,1,1,271
05004,1,1,322
05004,1,1,304
05004,1,1,305
05004,1,1,354
05004,1,1,373
05004,1,1,290
05004,1,1,356
05004,0,0,0
05004,0,0,0
05004,0,0,0
05004,0,0,0
05004,1,1,492
05004,1,1,424
05004,1,1,320
05004,1,1,303
05004,1,1,543
05004,0,0,0
05004,1,1,305
05004,1,1,322
05004,1,1,271
05004,1,1,305
05004,1,1,323
05004,1,1,321
05004,0,0,0
05004,1,1,288
05004,1,1,320
05004,1,1,305
05005,1,1,302
05005,1,1,441
05005,1,1,254
05005,1,1,237
05005,1,1,236
05005,1,1,254
05005,1,1,272
05005,1,1,271
05005,1,1,288
05005,1,1,304
05005,1,1,272
05005,1,1,272
05005,1,1,288
05005,1,1,289
05005,1,1,289
05005,1,1,287
05005,1,1,288
05005,1,1,304
05005,1,1,323
05005,1,1,289
05005,1,1,288
05005,1,1,254
05005,1,1,287
05005,0,0,0
05005,1,1,287
05005,0,0,0
05005,0,0,0
05005,1,1,304
05005,1,1,288
05005,1,1,288
05005,1,1,289
05005,1,1,323
05005,1,1,306
05005,1,1,322
05005,1,1,321
05005,1,1,306
05005,1,1,304
05005,1,1,288
05005,1,1,255
05005,0,0,0
05005,1,1,407
05005,1,1,322
05005,1,1,304
05005,1,1,288
05005,1,1,305
05005,0,0,0
05005,1,1,306
05005,1,1,289
05005,1,1,271
05005,1,1,288
05005,1,1,322
05005,1,1,305
05005,1,1,289
05005,1,1,323
05005,0,0,0
05005,0,0,0
05005,1,1,305
05005,1,1,254
05005,1,1,288
05005,0,0,0
05005,1,1,356
05005,1,1,289
05005,1,1,340
05005,1,1,320
05005,1,1,288
05005,1,1,289
05005,0,0,0
05005,1,1,356
05005,1,1,288
05005,1,1,288
05005,1,1,339
05005,0,0,0
05005,1,1,287
05005,1,1,254
05005,1,1,305
05005,0,0,0
05005,0,0,0
05005,1,1,305
05005,0,0,0
05005,1,1,288
05005,0,0,0
05005,1,1,305
05005,1,1,340
05005,1,1,304
05005,1,1,338
05005,0,0,0
05005,0,0,0
05005,0,0,0
05005,1,1,356
05005,1,1,338
05005,1,1,271
05005,1,1,272
05005,1,1,304
05005,1,1,288
05005,1,1,323
05005,1,1,287
05005,0,0,0
05005,1,1,271
05005,0,0,0
05005,0,1,271
05006,1,1,390
05006,1,1,373
05006,0,0,0
05006,1,1,390
05006,1,1,352
05006,1,1,304
05006,1,1,289
05006,1,1,305
05006,1,1,322
05006,0,0,0
05006,0,0,0
05006,1,1,373
05006,1,1,339
05006,1,1,322
05006,1,1,321
05006,0,0,0
05006,1,1,458
05006,1,1,304
05006,1,1,339
05006,1,1,288
05006,1,1,305
05006,1,1,321
05006,1,1,372
05006,1,1,305
05006,0,0,0
05006,1,1,387
05006,1,1,356
05006,1,1,288
05006,1,1,270
05006,1,1,287
05006,1,1,288
05006,1,1,288
05006,0,0,0
05006,0,0,0
05006,0,0,0
05006,0,0,0
05006,1,1,305
05006,1,1,306
05006,1,1,339
05006,1,1,339
05006,1,1,339
05006,1,1,322
05006,1,1,339
05006,0,0,0
05006,1,1,389
05006,1,1,287
05006,0,0,0
05006,0,0,0
05006,1,1,270
05006,1,1,269
05006,1,1,289
05006,1,1,269
05006,1,1,254
05006,1,1,271
05006,1,1,305
05006,1,1,237
05006,1,1,289
05006,1,1,271
05006,1,1,236
05006,1,1,288
05006,1,1,289
05006,1,1,255
05006,0,0,0
05006,1,1,339
05006,0,0,0
05006,0,0,0
05006,1,1,322
05006,1,1,288
05006,1,1,271
05006,1,1,254
05006,1,1,237
05006,1,1,118
05006,1,1,187
05006,1,1,220
05006,1,1,237
05006,0,1,254
05006,1,1,405
05006,1,1,322
05006,1,1,339
05006,1,1,322
05006,0,0,0
05006,0,0,0
05006,1,1,289
05006,0,0,0
05006,1,1,320
05006,1,1,305
05006,1,1,323
05006,1,1,271
05006,1,1,324
05006,1,1,304
05006,1,1,255
05006,1,1,220
05006,0,1,254
05006,1,1,407
05006,1,1,490
05006,1,1,390
05006,1,1,289
05006,1,1,406
05006,1,1,407
05006,1,1,356
06001,1,1,466
06001,1,1,340
06001,1,1,385
06001,1,1,290
06001,1,1,274
06001,1,1,305
06001,0,0,0
06001,0,0,0
06001,0,0,0
06001,1,1,290
06001,0,0,0
06001,1,1,322
06001,1,1,323
06001,1,1,290
06001,0,0,0
06001,1,1,291
06001,1,1,322
06001,1,1,307
06001,1,1,323
06001,1,1,307
06001,1,1,305
06001,0,0,0
06001,0,0,0
06001,1,1,257
06001,1,1,307
06001,0,0,0
06001,1,1,289
06001,1,1,273
06001,1,1,307
06001,0,0,0
06001,1,1,257
06001,1,1,258
06001,1,1,274
06001,1,1,258
06001,1,1,289
06001,1,1,241
06001,1,1,274
06001,1,1,259
06001,0,0,0
06001,1,1,273
06001,1,1,257
06001,1,1,291
06001,1,1,241
06001,1,1,339
06001,1,1,257
06001,1,1,274
06001,0,0,0
06001,1,1,257
06001,0,0,0
06001,1,1,258
06001,1,1,324
06001,1,1,272
06001,1,1,306
06001,1,1,275
06001,1,1,289
06001,1,1,258
06001,1,1,290
06001,0,0,0
06001,1,1,275
06001,1,1,241
06001,0,1,241
06001,1,1,291
06001,0,0,0
06001,1,1,288
06001,1,1,225
06001,1,1,274
06001,1,1,307
06001,1,1,273
06001,1,1,306
06001,1,1,307
06001,1,1,353
06001,0,0,0
06001,1,1,290
06001,1,1,259
06001,1,1,305
06001,1,1,257
06001,1,1,257
06001,1,1,291
06001,1,1,257
06001,1,1,257
06001,0,0,0
06001,1,1,275
06001,1,1,305
06001,1,1,226
06001,1,1,274
06001,0,0,0
06001,1,1,274
06001,1,1,272
06001,0,0,0
06001,1,1,290
06001,1,1,258
06001,0,0,0
06001,1,1,289
06001,1,1,258
06001,1,1,257
06001,1,1,259
06001,1,1,224
06001,1,1,274
06001,1,1,274
06001,1,1,243
06002,1,1,1110
06002,1,1,466
06002,1,1,515
06002,1,1,305
06002,0,0,0
06002,0,0,0
06002,1,1,305
06002,1,1,370
06002,1,1,353
06002,1,1,385
06002,1,1,371
06002,0,0,0
06002,1,1,337
06002,0,0,0
06002,1,1,370
06002,1,1,435
06002,1,1,402
06002,1,1,338
06002,0,0,0
06002,1,1,402
06002,1,1,355
06002,1,1,371
06002,1,1,339
06002,1,1,339
06002,1,1,322
06002,1,1,322
06002,1,1,353
06002,1,1,354
06002,1,1,451
06002,1,1,403
06002,0,0,0
06002,0,0,0
06002,0,0,0
06002,1,1,337
06002,1,1,337
06002,1,1,355
06002,1,1,354
06002,1,1,289
06002,1,1,321
06002,1,1,322
06002,1,1,418
06002,1,1,355
06002,1,1,403
06002,0,0,0
06002,1,1,371
06002,0,0,0
06002,1,1,353
06002,1,1,485
06002,1,1,483
06002,0,0,0
06002,1,1,385
06002,1,1,370
06002,1,1,371
06002,1,1,450
06002,0,0,0
06002,1,1,322
06002,1,1,533
06002,1,1,354
06002,1,1,386
06002,1,1,434
06002,1,1,321
06002,0,0,0
06002,1,1,257
06002,1,1,386
06002,0,0,0
06002,1,1,322
06002,0,0,0
06002,1,1,435
06002,1,1,483
06002,1,1,387
06002,1,1,482
06002,1,1,434
06002,1,1,370
06002,0,0,0
06002,0,0,0
06002,1,1,500
06002,1,1,403
06002,1,1,450
06002,1,1,466
06002,1,1,368
06002,1,1,481
06002,1,1,354
06002,1,1,337
06002,0,0,0
06002,1,1,403
06002,1,1,337
06002,1,1,403
06002,1,1,306
06002,1,1,370
06002,0,0,0
06002,0,0,0
06002,1,1,420
06002,1,1,320
06002,1,1,339
06002,1,1,356
06002,1,1,337
06002,1,1,323
06002,1,1,307
06002,1,1,305
06002,1,1,322
06003,0,0,0
06003,1,1,368
06003,1,1,332
06003,1,1,380
06003,1,1,282
06003,1,1,271
06003,1,1,398
06003,1,1,300
06003,1,1,348
06003,1,1,297
06003,0,0,0
06003,1,1,348
06003,1,1,265
06003,1,1,249
06003,0,0,0
06003,1,1,282
06003,1,1,333
06003,0,0,0
06003,0,0,0
06003,0,0,0
06003,1,1,316
06003,1,1,272
06003,1,1,299
06003,1,1,265
06003,0,1,264
06003,1,1,283
06003,1,1,299
06003,1,1,318
06003,0,0,0
06003,1,1,312
06003,0,0,0
06003,1,1,280
06003,1,1,414
06003,1,1,301
06003,1,1,284
06003,1,1,299
06003,1,1,415
06003,0,0,0
06003,1,1,334
06003,1,1,335
06003,1,1,322
06003,1,1,322
06003,1,1,332
06003,1,1,335
06003,1,1,282
06003,1,1,250
06003,1,1,299
06003,1,1,281
06003,1,1,303
06003,0,1,323
06003,1,1,265
06003,1,1,300
06003,0,0,0
06003,0,1,302
06003,1,1,316
06003,1,1,321
06003,1,1,281
06003,1,1,298
06003,1,1,297
06003,0,0,0
06003,1,1,254
06003,1,1,297
06003,0,0,0
06003,1,1,284
06003,1,1,286
06003,1,1,250
06003,1,1,284
06003,0,0,0
06003,1,1,251
06003,1,1,264
06003,1,1,269
06003,0,0,0
06003,1,1,270
06003,1,1,255
06003,1,1,286
06003,1,1,238
06003,1,1,269
06003,1,1,267
06003,1,1,250
06003,1,1,270
06003,1,1,334
06003,1,1,267
06003,1,1,284
06003,1,1,264
06003,1,1,281
06003,0,1,300
06003,1,1,264
06003,1,1,298
06003,1,1,287
06003,1,1,268
06003,1,1,250
06003,1,1,284
06003,1,1,281
06003,1,1,300
06003,1,1,322
06003,0,0,0
06003,0,0,0
06003,1,1,318
06003,1,1,317
06003,1,1,269
06004,1,1,285
06004,1,1,262
06004,1,1,267
06004,1,1,248
06004,1,1,272
06004,1,1,282
06004,1,1,266
06004,1,1,250
06004,1,1,199
06004,0,1,283
06004,1,1,300
06004,0,0,0
06004,1,1,314
06004,0,0,0
06004,1,1,314
06004,1,1,330
06004,0,0,0
06004,1,1,315
06004,0,0,0
06004,1,1,316
06004,1,1,317
06004,1,1,356
06004,1,1,316
06004,1,1,298
06004,1,1,250
06004,0,0,0
06004,1,1,299
06004,1,1,299
06004,1,1,284
06004,0,0,0
06004,1,1,331
06004,0,0,0
06004,1,1,282
06004,1,1,316
06004,0,0,0
06004,1,1,281
06004,1,1,282
06004,1,1,284
06004,1,1,254
06004,1,1,323
06004,1,1,265
06004,1,1,249
06004,1,1,300
06004,1,1,298
06004,1,1,297
06004,0,0,0
06004,1,1,296
06004,1,1,332
06004,1,1,264
06004,1,1,234
06004,1,1,282
06004,1,1,232
06004,1,1,272
06004,0,0,0
06004,1,1,98
06004,1,1,300
06004,1,1,250
06004,1,1,250
06004,1,1,264
06004,1,1,236
06004,1,1,216
06004,0,0,0
06004,0,0,0
06004,1,1,298
06004,0,0,0
06004,1,1,300
06004,1,1,255
06004,1,1,248
06004,0,0,0
06004,1,1,300
06004,1,1,301
06004,1,1,298
06004,1,1,265
06004,0,0,0
06004,1,1,284
06004,1,1,315
06004,1,1,266
06004,1,1,318
06004,1,1,248
06004,1,1,263
06004,1,1,334
06004,1,1,318
06004,1,1,297
06004,1,1,281
06004,1,1,267
06004,1,1,349
06004,0,0,0
06004,1,1,281
06004,1,1,265
06004,1,1,231
06004,1,1,281
06004,0,0,0
06004,1,1,586
06004,1,1,402
06004,1,1,446
06004,0,0,0
06004,1,1,280
06004,1,1,321
06004,1,1,283
06004,0,0,0
06005,1,1,425
06005,1,1,438
06005,1,1,317
06005,0,0,0
06005,1,1,362
06005,1,1,306
06005,0,0,0
06005,1,1,371
06005,1,1,324
06005,1,1,338
06005,1,1,316
06005,1,1,343
06005,1,1,440
06005,1,1,340
06005,1,1,393
06005,1,1,393
06005,1,1,407
06005,1,1,391
06005,1,1,369
06005,1,1,375
06005,1,1,337
06005,1,1,349
06005,1,1,336
06005,1,1,408
06005,1,1,337
06005,1,1,408
06005,1,1,355
06005,1,1,290
06005,1,1,374
06005,1,1,306
06005,0,0,0
06005,0,0,0
06005,1,1,389
06005,1,1,391
06005,0,0,0
06005,1,1,442
06005,1,1,392
06005,1,1,337
06005,1,1,387
06005,1,1,323
06005,0,0,0
06005,1,1,374
06005,0,0,0
06005,1,1,360
06005,0,0,0
06005,1,1,423
06005,1,1,360
06005,0,0,0
06005,1,1,388
06005,0,0,0
06005,1,1,409
06005,0,0,0
06005,1,1,407
06005,1,1,474
06005,1,1,409
06005,1,1,474
06005,1,1,372
06005,1,1,442
06005,0,0,0
06005,1,1,385
06005,1,1,409
06005,0,0,0
06005,1,1,390
06005,1,1,387
06005,1,1,440
06005,1,1,406
06005,1,1,388
06005,1,1,373
06005,1,1,411
06005,1,1,371
06005,1,1,408
06005,0,0,0
06005,0,0,0
06005,1,1,465
06005,1,1,485
06005,0,0,0
06005,1,1,459
06005,0,0,0
06005,1,1,408
06005,1,1,492
06005,1,1,421
06005,1,1,387
06005,1,1,356
06005,1,1,372
06005,0,0,0
06005,1,1,422
06005,1,1,391
06005,1,1,507
06005,1,1,385
06005,1,1,433
06005,1,1,421
06005,0,0,0
06005,1,1,455
06005,0,0,0
06005,1,1,370
06005,1,1,373
06005,1,1,357
06005,1,1,354
06005,1,1,356
06005,1,1,491
06006,0,0,0
06006,1,1,441
06006,1,1,424
06006,1,1,393
06006,1,1,340
06006,0,0,0
06006,1,1,392
06006,1,1,326
06006,1,1,352
06006,1,1,326
06006,1,1,358
06006,0,0,0
06006,1,1,342
06006,1,1,306
06006,1,1,340
06006,1,1,411
06006,1,1,476
06006,1,1,359
06006,1,1,394
06006,1,1,337
06006,0,0,0
06006,0,0,0
06006,1,1,479
06006,1,1,375
06006,0,0,0
06006,1,1,371
06006,1,1,337
06006,1,1,460
06006,0,0,0
06006,1,1,460
06006,1,1,361
06006,1,1,393
06006,1,1,428
06006,1,1,411
06006,1,1,414
06006,0,0,0
06006,1,1,445
06006,1,1,420
06006,1,1,375
06006,1,1,394
06006,1,1,424
06006,1,1,400
06006,0,0,0
06006,1,1,389
06006,0,0,0
06006,0,0,0
06006,0,0,0
06006,1,1,446
06006,1,1,358
06006,1,1,378
06006,1,1,408
06006,1,1,427
06006,1,1,463
06006,0,0,0
06006,1,1,576
06006,0,0,0
06006,1,1,494
06006,1,1,392
06006,1,1,572
06006,1,1,424
06006,1,1,460
06006,1,1,441
06006,1,1,477
06006,1,1,395
06006,1,1,409
06006,1,1,406
06006,1,1,390
06006,1,1,420
06006,1,1,358
06006,1,1,370
06006,1,1,373
06006,1,1,373
06006,0,0,0
06006,1,1,425
06006,1,1,370
06006,1,1,444
06006,1,1,427
06006,1,1,375
06006,1,1,376
06006,1,1,372
06006,1,1,337
06006,1,1,336
06006,1,1,375
06006,1,1,444
06006,0,0,0
06006,0,0,0
06006,1,1,476
06006,1,1,442
06006,0,0,0
06006,1,1,442
06006,1,1,355
06006,1,1,379
06006,1,1,444
06006,0,0,0
06006,1,1,372
06006,1,1,388
06006,1,1,373
06006,0,0,0
06006,1,1,444
06006,1,1,373
06007,0,0,0
06007,0,0,0
06007,1,1,425
06007,0,0,0
06007,1,1,407
06007,1,1,591
06007,1,1,525
06007,1,1,425
06007,1,1,393
06007,1,1,295
06007,1,1,312
06007,1,1,279
06007,1,1,377
06007,1,1,310
06007,1,1,362
06007,1,1,360
06007,1,1,362
06007,1,1,409
06007,1,1,392
06007,1,1,376
06007,1,1,278
06007,1,1,345
06007,1,1,293
06007,0,0,0
06007,1,1,491
06007,1,1,443
06007,0,0,0
06007,1,1,280
06007,1,1,410
06007,0,0,0
06007,1,1,326
06007,1,1,542
06007,1,1,394
06007,1,1,344
06007,1,1,380
06007,1,1,409
06007,1,1,278
06007,0,0,0
06007,1,1,359
06007,0,0,0
06007,1,1,394
06007,0,0,0
06007,0,0,0
06007,1,1,477
06007,1,1,328
06007,0,0,0
06007,0,0,0
06007,1,1,344
06007,1,1,310
06007,1,1,328
06007,1,1,409
06007,0,0,0
06007,1,1,394
06007,1,1,313
06007,1,1,343
06007,1,1,313
06007,1,1,376
06007,1,1,311
06007,1,1,345
06007,1,1,347
06007,1,1,376
06007,1,1,414
06007,1,1,328
06007,1,1,343
06007,1,1,411
06007,1,1,393
06007,1,1,344
06007,1,1,345
06007,0,0,0
06007,1,1,312
06007,1,1,427
06007,1,1,327
06007,0,0,0
06007,0,0,0
06007,1,1,375
06007,1,1,491
06007,1,1,411
06007,1,1,390
06007,1,1,407
06007,1,1,394
06007,1,1,311
06007,1,1,360
06007,1,1,362
06007,0,0,0
06007,1,1,410
06007,0,0,0
06007,1,1,393
06007,0,0,0
06007,1,1,328
06007,1,1,343
06007,1,1,312
06007,1,1,313
06007,1,1,344
06007,1,1,326
06007,1,1,359
06007,1,1,312
06007,1,1,392
06007,1,1,366
06007,0,0,0
06007,1,1,491
06008,1,0,0
06008,1,1,495
06008,0,0,0
06008,1,1,478
06008,1,1,413
06008,1,1,446
06008,1,1,313
06008,0,0,0
06008,1,1,380
06008,1,1,344
06008,1,1,346
06008,1,1,347
06008,1,1,282
06008,0,0,0
06008,1,1,311
06008,1,1,250
06008,0,0,0
06008,1,1,346
06008,1,1,313
06008,1,1,265
06008,1,1,280
06008,1,1,262
06008,1,1,315
06008,1,1,311
06008,1,1,280
06008,1,1,216
06008,0,1,148
06008,1,1,295
06008,1,1,333
06008,1,1,296
06008,1,1,297
06008,1,1,281
06008,1,1,311
06008,1,1,281
06008,1,1,312
06008,1,1,296
06008,0,0,0
06008,1,1,329
06008,1,1,282
06008,1,1,297
06008,1,1,331
06008,1,1,327
06008,0,0,0
06008,1,1,313
06008,1,1,262
06008,1,1,283
06008,1,1,196
06008,1,1,215
06008,1,1,214
06008,0,1,164
06008,1,1,313
06008,0,0,0
06008,1,1,281
06008,1,1,414
06008,1,1,316
06008,1,1,394
06008,1,1,393
06008,1,1,396
06008,1,1,326
06008,1,1,362
06008,0,0,0
06008,1,1,279
06008,1,1,311
06008,0,0,0
06008,1,1,347
06008,1,1,296
06008,1,1,280
06008,1,1,298
06008,0,0,0
06008,0,0,0
06008,1,1,395
06008,1,1,413
06008,0,0,0
06008,1,1,330
06008,1,1,297
06008,1,1,299
06008,0,0,0
06008,1,1,346
06008,1,1,314
06008,1,1,314
06008,1,1,312
06008,1,1,313
06008,0,0,0
06008,1,1,360
06008,1,1,295
06008,1,1,262
06008,0,1,1500
06008,1,1,412
06008,0,1,250
06008,1,1,294
06008,1,1,346
06008,1,1,345
06008,1,1,367
06008,1,1,328
06008,1,1,412
06008,1,1,380
06008,0,0,0
06008,1,1,382
06008,1,1,382
06008,0,0,0
06009,1,1,314
06009,1,1,297
06009,1,1,264
06009,0,1,362
06009,1,1,344
06009,1,1,384
06009,1,1,312
06009,1,1,315
06009,1,1,328
06009,1,1,298
06009,1,1,363
06009,1,1,314
06009,0,0,0
06009,1,1,297
06009,0,0,0
06009,1,1,311
06009,1,1,365
06009,1,1,299
06009,1,1,461
06009,1,1,297
06009,0,0,0
06009,1,1,315
06009,1,1,264
06009,1,1,265
06009,1,1,295
06009,1,1,248
06009,1,1,249
06009,1,1,381
06009,1,1,245
06009,0,1,230
06009,1,1,316
06009,1,1,299
06009,0,0,0
06009,1,1,310
06009,0,1,131
06009,1,1,446
06009,1,1,315
06009,1,1,347
06009,1,1,328
06009,1,1,313
06009,0,0,0
06009,1,1,282
06009,1,1,281
06009,0,1,281
06009,1,1,347
06009,1,1,346
06009,1,1,327
06009,1,1,297
06009,0,0,0
06009,0,0,0
06009,0,0,0
06009,0,0,0
06009,1,1,296
06009,1,1,398
06009,1,1,298
06009,1,1,330
06009,1,1,314
06009,0,0,0
06009,1,1,362
06009,1,1,330
06009,0,0,0
06009,1,1,348
06009,0,0,0
06009,0,0,0
06009,1,1,414
06009,0,0,0
06009,1,1,296
06009,1,1,314
06009,1,1,262
06009,1,1,313
06009,0,0,0
06009,1,1,265
06009,1,1,329
06009,1,1,248
06009,1,1,265
06009,1,1,314
06009,1,1,265
06009,1,1,248
06009,1,1,264
06009,1,1,132
06009,1,1,249
06009,0,1,33
06009,1,1,280
06009,1,1,282
06009,1,1,265
06009,1,1,279
06009,1,1,332
06009,1,1,346
06009,1,1,297
06009,1,1,347
06009,1,1,280
06009,1,1,297
06009,1,1,314
06009,1,1,281
06009,1,1,248
06009,1,1,247
06009,1,1,247
06009,1,1,264
06009,1,1,345
06009,1,1,296
07001,0,0,0
07001,1,1,506
07001,1,1,428
07001,1,1,318
07001,1,1,401
07001,1,1,366
07001,0,0,0
07001,0,0,0
07001,1,1,401
07001,1,0,0
07001,1,1,316
07001,1,1,333
07001,1,1,320
07001,1,1,152
07001,1,1,384
07001,1,1,309
07001,1,1,300
07001,1,1,266
07001,1,1,121
07001,0,1,165
07001,1,1,518
07001,0,0,0
07001,1,1,339
07001,1,1,323
07001,1,1,416
07001,1,1,334
07001,1,1,273
07001,1,1,319
07001,1,1,288
07001,1,1,268
07001,1,1,315
07001,1,1,143
07001,1,1,215
07001,1,1,300
07001,0,1,52
07001,1,1,421
07001,1,1,350
07001,1,1,253
07001,1,1,100
07001,1,1,203
07001,1,1,302
07001,0,1,168
07001,1,1,496
07001,1,1,236
07001,1,1,300
07001,1,1,118
07001,1,1,183
07001,1,1,303
07001,0,1,189
07001,1,1,453
07001,1,1,373
07001,1,1,335
07001,1,1,329
07001,0,1,108
07001,1,1,452
07001,1,1,317
07001,1,1,116
07001,1,1,338
07001,1,1,267
07001,1,1,18
07001,1,1,185
07001,1,1,33
07001,1,1,34
07001,0,1,62
07001,1,1,333
07001,1,1,36
07001,1,1,217
07001,0,1,18
07001,1,1,435
07001,1,1,268
07001,1,1,87
07001,1,1,286
07001,1,1,322
07001,0,1,303
07001,0,1,433
07001,1,1,356
07001,1,1,305
07001,1,1,297
07001,0,1,267
07001,0,0,0
07001,0,0,0
07001,1,1,487
07001,1,1,385
07001,1,1,254
07001,1,1,303
07001,1,1,219
07001,0,1,147
07001,1,1,453
07001,1,1,192
07001,0,1,270
07001,0,0,0
07001,1,1,426
07001,1,1,320
07001,1,1,367
07001,1,1,318
07001,0,0,0
07001,1,1,349
07001,1,1,333
07001,1,1,307
07001,1,1,334
07002,1,1,944
07002,1,0,0
07002,1,1,543
07002,1,1,452
07002,1,1,358
07002,1,1,319
07002,1,1,339
07002,1,1,321
07002,1,1,337
07002,1,1,325
07002,1,1,337
07002,1,1,303
07002,1,1,307
07002,1,1,285
07002,1,1,285
07002,1,1,271
07002,0,1,270
07002,0,0,0
07002,0,0,0
07002,1,1,491
07002,1,1,574
07002,1,1,354
07002,0,0,0
07002,1,1,742
07002,1,1,474
07002,1,1,454
07002,1,0,0
07002,1,1,137
07002,0,1,319
07002,1,0,0
07002,0,0,0
07002,1,1,607
07002,1,1,409
07002,1,1,318
07002,1,1,285
07002,1,1,305
07002,0,1,272
07002,1,1,744
07002,1,1,357
07002,0,1,286
07002,0,0,0
07002,0,0,0
07002,0,0,0
07002,0,0,0
07002,0,0,0
07002,1,1,812
07002,1,1,338
07002,1,1,271
07002,1,1,273
07002,1,1,324
07002,1,1,258
07002,1,1,369
07002,0,1,255
07002,1,0,0
07002,1,1,562
07002,1,1,371
07002,1,1,288
07002,0,1,288
07002,1,0,0
07002,1,1,253
07002,1,1,289
07002,1,1,290
07002,1,1,273
07002,1,1,237
07002,1,1,306
07002,1,1,255
07002,1,1,274
07002,0,1,256
07002,1,0,0
07002,1,1,424
07002,1,1,321
07002,1,1,319
07002,1,1,320
07002,1,1,336
07002,1,1,273
07002,1,1,236
07002,1,1,272
07002,1,1,273
07002,1,1,257
07002,1,1,254
07002,1,1,275
07002,1,1,267
07002,1,1,254
07002,1,1,239
07002,1,1,286
07002,1,1,268
07002,1,1,402
07002,1,1,370
07002,0,0,0
07002,0,0,0
07002,1,0,0
07002,0,1,307
07002,1,0,0
07002,1,1,200
07002,0,1,256
07002,1,0,0
07002,1,1,253
07002,1,1,272
07002,1,1,290
07002,1,1,252
07003,1,1,449
07003,1,1,515
07003,1,1,434
07003,1,1,363
07003,1,1,350
07003,1,1,448
07003,1,1,469
07003,1,1,465
07003,1,1,486
07003,1,1,467
07003,1,1,449
07003,1,1,534
07003,1,1,501
07003,1,1,482
07003,1,1,455
07003,1,1,434
07003,1,1,471
07003,1,1,464
07003,1,1,465
07003,0,0,0
07003,1,1,482
07003,1,1,519
07003,0,0,0
07003,1,1,522
07003,1,1,549
07003,1,1,487
07003,1,1,464
07003,1,1,451
07003,1,1,398
07003,0,0,0
07003,1,1,600
07003,1,1,514
07003,1,1,467
07003,1,1,467
07003,1,1,517
07003,1,1,451
07003,1,1,431
07003,1,1,417
07003,1,1,435
07003,1,1,550
07003,1,1,483
07003,1,1,466
07003,1,1,500
07003,0,0,0
07003,1,1,487
07003,1,1,517
07003,1,1,469
07003,1,1,468
07003,1,1,434
07003,1,1,515
07003,1,1,467
07003,1,1,381
07003,1,0,0
07003,1,1,353
07003,1,1,448
07003,0,0,0
07003,1,1,535
07003,1,1,434
07003,1,1,537
07003,0,0,0
07003,1,1,334
07003,0,0,0
07003,1,1,418
07003,1,1,551
07003,1,1,421
07003,1,1,466
07003,1,1,614
07003,1,1,502
07003,0,0,0
07003,1,1,450
07003,1,1,446
07003,0,0,0
07003,1,1,353
07003,0,0,0
07003,0,1,381
07003,1,1,719
07003,1,1,500
07003,0,0,0
07003,0,0,0
07003,1,1,665
07003,1,1,602
07003,1,0,0
07003,0,0,0
07003,1,1,318
07003,0,0,0
07003,0,0,0
07003,0,0,0
07003,1,1,581
07003,1,1,503
07003,1,1,550
07003,0,0,0
07003,1,1,587
07003,1,1,481
07003,1,1,662
07003,0,0,0
07003,0,0,0
07003,1,1,596
07003,1,1,448
07003,1,1,546
07003,1,0,0
07004,1,1,464
07004,1,1,275
07004,1,1,291
07004,1,1,257
07004,1,1,290
07004,0,1,308
07004,1,1,306
07004,1,1,307
07004,1,1,355
07004,1,1,339
07004,1,1,385
07004,1,1,370
07004,1,1,436
07004,1,1,356
07004,0,0,0
07004,1,1,340
07004,1,1,307
07004,1,1,305
07004,1,1,293
07004,0,0,0
07004,1,1,324
07004,0,0,0
07004,1,1,321
07004,0,0,0
07004,0,1,290
07004,0,0,0
07004,1,1,425
07004,1,1,354
07004,1,1,372
07004,1,1,371
07004,1,1,403
07004,0,0,0
07004,1,1,338
07004,1,1,386
07004,1,1,308
07004,0,0,0
07004,1,1,321
07004,1,1,355
07004,1,1,341
07004,1,1,352
07004,1,1,355
07004,1,1,355
07004,1,1,324
07004,1,1,356
07004,1,1,399
07004,1,1,371
07004,1,1,354
07004,1,1,324
07004,1,1,389
07004,1,1,326
07004,1,1,327
07004,1,1,355
07004,1,1,355
07004,1,1,370
07004,1,1,338
07004,0,0,0
07004,0,0,0
07004,1,1,386
07004,1,1,356
07004,1,1,322
07004,1,1,371
07004,1,1,358
07004,1,1,340
07004,1,1,325
07004,1,1,338
07004,0,0,0
07004,1,1,372
07004,0,0,0
07004,0,0,0
07004,1,1,420
07004,1,1,338
07004,1,1,356
07004,1,1,369
07004,1,1,306
07004,1,1,308
07004,0,0,0
07004,1,1,345
07004,1,1,324
07004,1,1,343
07004,1,1,323
07004,0,0,0
07004,1,1,324
07004,1,1,321
07004,1,1,261
07004,0,0,0
07004,1,1,356
07004,1,1,259
07004,1,1,291
07004,0,0,0
07004,1,1,290
07004,1,1,357
07004,1,1,290
07004,1,1,291
07004,1,1,388
07004,0,0,0
07004,1,1,306
07004,1,1,305
07004,0,0,0
07004,1,1,17
07004,1,1,323
07005,1,1,584
07005,0,0,0
07005,1,1,306
07005,1,1,435
07005,1,1,371
07005,1,1,324
07005,1,1,373
07005,1,1,324
07005,1,1,324
07005,1,1,291
07005,1,1,306
07005,0,0,0
07005,1,1,259
07005,0,0,0
07005,1,1,321
07005,1,1,323
07005,1,1,324
07005,1,1,309
07005,1,1,307
07005,0,0,0
07005,1,1,291
07005,0,1,386
07005,0,0,0
07005,1,1,387
07005,1,1,418
07005,1,1,271
07005,1,1,324
07005,1,1,404
07005,1,1,290
07005,0,0,0
07005,1,1,324
07005,1,1,290
07005,1,1,306
07005,1,1,323
07005,1,1,274
07005,1,1,289
07005,1,1,324
07005,1,1,305
07005,1,1,303
07005,1,1,277
07005,1,1,308
07005,1,1,291
07005,1,1,341
07005,1,1,320
07005,1,1,356
07005,1,1,274
07005,1,1,289
07005,1,1,291
07005,0,0,0
07005,1,1,305
07005,1,1,290
07005,1,1,306
07005,1,1,278
07005,1,1,305
07005,1,1,307
07005,1,1,308
07005,1,1,290
07005,1,1,308
07005,1,1,307
07005,1,1,289
07005,1,1,261
07005,1,1,294
07005,1,1,274
07005,0,0,0
07005,1,1,405
07005,0,0,0
07005,1,1,386
07005,0,0,0
07005,1,1,322
07005,1,1,490
07005,0,0,0
07005,1,1,354
07005,1,1,274
07005,1,1,290
07005,1,1,290
07005,1,1,290
07005,1,1,274
07005,0,0,0
07005,1,1,320
07005,1,1,341
07005,0,0,0
07005,1,1,385
07005,0,0,0
07005,1,1,323
07005,1,1,292
07005,0,0,0
07005,0,0,0
07005,1,1,324
07005,1,1,327
07005,1,1,322
07005,1,1,324
07005,1,1,311
07005,1,1,341
07005,1,1,307
07005,0,0,0
07005,1,1,389
07005,1,1,305
07005,0,0,0
07005,0,0,0
07005,1,1,403
07006,1,1,732
07006,1,1,148
07006,1,1,437
07006,1,1,336
07006,1,1,307
07006,1,1,420
07006,1,1,364
07006,1,1,253
07006,1,1,334
07006,1,1,308
07006,1,1,313
07006,0,1,333
07006,1,1,518
07006,1,1,467
07006,1,1,404
07006,1,1,389
07006,1,1,314
07006,1,1,352
07006,0,0,0
07006,0,1,370
07006,1,1,471
07006,1,1,443
07006,1,1,625
07006,0,0,0
07006,1,1,504
07006,0,0,0
07006,1,1,348
07006,1,1,580
07006,0,0,0
07006,1,1,556
07006,0,0,0
07006,1,1,407
07006,1,1,502
07006,1,1,520
07006,1,1,499
07006,0,1,363
07006,0,0,0
07006,1,1,474
07006,1,1,608
07006,1,1,494
07006,1,1,421
07006,1,1,459
07006,1,1,336
07006,1,1,472
07006,1,1,601
07006,1,1,476
07006,0,0,0
07006,1,1,506
07006,1,1,522
07006,1,1,498
07006,1,0,0
07006,0,0,0
07006,1,1,404
07006,1,1,399
07006,0,0,0
07006,1,1,359
07006,1,1,405
07006,1,1,354
07006,1,1,465
07006,1,1,668
07006,1,0,0
07006,1,0,0
07006,1,0,0
07006,1,0,0
07006,1,1,990
07006,1,0,0
07006,1,1,431
07006,1,1,334
07006,1,1,374
07006,1,1,501
07006,1,1,550
07006,1,0,0
07006,1,1,336
07006,1,1,452
07006,1,1,370
07006,1,1,688
07006,1,1,492
07006,1,1,538
07006,0,0,0
07006,1,1,500
07006,0,0,0
07006,1,1,474
07006,1,1,450
07006,1,1,500
07006,0,0,0
07006,1,1,483
07006,0,0,0
07006,1,1,593
07006,1,1,457
07006,0,0,0
07006,0,1,429
07006,1,1,453
07006,0,0,0
07006,1,1,564
07006,1,1,458
07006,1,1,674
07006,1,1,455
07006,1,1,670
07006,0,0,0
07006,1,1,482
07007,1,0,0
07007,1,1,718
07007,1,1,301
07007,1,1,453
07007,1,1,157
07007,1,1,671
07007,0,0,0
07007,1,0,0
07007,1,1,312
07007,1,1,341
07007,1,1,305
07007,0,1,584
07007,1,1,315
07007,1,1,442
07007,1,0,0
07007,1,1,365
07007,1,0,0
07007,1,1,309
07007,0,1,473
07007,1,1,856
07007,1,1,472
07007,1,1,628
07007,1,1,268
07007,1,1,412
07007,1,1,630
07007,1,1,198
07007,0,0,0
07007,1,1,419
07007,0,1,580
07007,1,1,369
07007,1,1,720
07007,1,1,531
07007,1,1,571
07007,1,1,612
07007,1,1,426
07007,0,1,367
07007,1,1,201
07007,1,1,581
07007,1,1,427
07007,1,1,718
07007,1,1,481
07007,1,1,256
07007,0,0,0
07007,1,0,0
07007,1,1,679
07007,1,1,503
07007,1,1,411
07007,1,1,408
07007,1,1,638
07007,1,1,813
07007,1,0,0
07007,0,0,0
07007,1,1,523
07007,1,1,647
07007,1,1,420
07007,1,1,367
07007,1,1,749
07007,1,1,362
07007,1,1,475
07007,1,1,306
07007,1,0,0
07007,0,1,489
07007,1,1,512
07007,1,1,547
07007,1,1,720
07007,1,0,0
07007,1,1,637
07007,1,1,957
07007,0,0,0
07007,1,1,654
07007,1,1,497
07007,1,0,0
07007,1,1,257
07007,1,1,647
07007,1,1,350
07007,1,1,285
07007,1,1,849
07007,1,1,364
07007,1,1,587
07007,1,0,0
07007,0,0,0
07007,1,0,0
07007,1,0,0
07007,1,0,0
07007,0,1,572
07007,1,1,741
07007,1,1,705
07007,1,1,428
07007,1,1,718
07007,1,1,561
07007,0,1,598
07007,1,1,477
07007,1,1,411
07007,1,1,537
07007,0,0,0
07007,1,0,0
07007,1,0,0
07007,1,0,0
07007,1,1,408
07007,1,1,529
07008,1,1,521
07008,1,1,237
07008,1,1,863
07008,1,1,762
07008,1,1,923
07008,1,1,658
07008,1,1,849
07008,1,1,657
07008,1,1,428
07008,1,1,514
07008,1,0,0
07008,0,1,622
07008,1,1,547
07008,0,0,0
07008,1,0,0
07008,1,0,0
07008,1,0,0
07008,1,1,187
07008,1,1,210
07008,0,1,321
07008,1,1,352
07008,0,1,384
07008,0,1,617
07008,1,1,746
07008,1,1,530
07008,1,1,476
07008,1,1,497
07008,1,1,431
07008,1,1,390
07008,1,1,281
07008,1,1,217
07008,1,1,211
07008,1,1,723
07008,1,1,401
07008,1,1,872
07008,1,1,210
07008,1,1,167
07008,1,1,250
07008,0,0,0
07008,1,1,536
07008,1,1,458
07008,1,1,388
07008,1,1,320
07008,1,0,0
07008,1,1,573
07008,1,1,692
07008,1,1,307
07008,1,1,299
07008,1,1,508
07008,0,1,381
07008,1,1,277
07008,1,1,211
07008,1,1,187
07008,1,1,169
07008,1,1,214
07008,1,1,285
07008,1,1,273
07008,1,1,318
07008,0,1,257
07008,1,1,388
07008,1,1,340
07008,1,1,250
07008,1,1,293
07008,1,1,281
07008,1,1,472
07008,1,1,364
07008,1,1,259
07008,0,1,371
07008,1,1,463
07008,1,1,455
07008,1,1,273
07008,1,1,199
07008,1,1,255
07008,0,1,288
07008,1,1,271
07008,1,1,283
07008,1,1,253
07008,1,0,0
07008,1,1,327
07008,1,1,247
07008,1,0,0
07008,1,1,468
07008,0,0,0
07008,1,1,451
07008,1,1,248
07008,0,1,546
07008,1,1,217
07008,1,1,397
07008,1,1,253
07008,1,1,547
07008,0,0,0
07008,0,0,0
07008,1,0,0
07008,1,1,257
07008,1,1,742
07008,1,1,661
07008,1,1,203
07008,1,0,0
07008,1,1,276
07008,1,1,462
11001,1,1,591
11001,1,1,527
11001,1,1,331
11001,0,0,0
11001,1,1,363
11001,1,1,313
11001,1,1,331
11001,1,1,331
11001,1,1,313
11001,1,1,444
11001,1,1,378
11001,1,1,297
11001,1,1,297
11001,1,1,314
11001,1,1,248
11001,1,1,262
11001,0,0,0
11001,0,0,0
11001,0,0,0
11001,1,1,430
11001,1,1,313
11001,1,1,278
11001,1,1,281
11001,1,1,284
11001,1,1,313
11001,0,1,249
11001,0,0,0
11001,1,1,383
11001,0,0,0
11001,1,1,280
11001,0,0,0
11001,1,1,281
11001,1,1,296
11001,0,0,0
11001,1,1,279
11001,1,1,329
11001,1,1,267
11001,1,1,265
11001,1,1,281
11001,1,1,315
11001,1,1,282
11001,1,1,247
11001,1,1,281
11001,1,1,249
11001,1,1,264
11001,1,1,231
11001,1,1,332
11001,0,0,0
11001,1,1,263
11001,0,1,281
11001,1,1,282
11001,1,1,262
11001,1,1,328
11001,1,1,298
11001,0,0,0
11001,0,0,0
11001,1,1,296
11001,0,0,0
11001,1,1,281
11001,1,1,296
11001,1,1,316
11001,1,1,315
11001,1,1,314
11001,1,1,281
11001,1,1,331
11001,1,1,366
11001,1,1,295
11001,0,0,0
11001,1,1,365
11001,1,1,477
11001,1,1,267
11001,1,1,246
11001,0,1,219
11001,1,1,297
11001,1,1,281
11001,0,0,0
11001,1,1,279
11001,1,1,317
11001,1,1,315
11001,1,1,331
11001,1,1,281
11001,1,1,268
11001,1,1,264
11001,1,1,282
11001,1,1,252
11001,1,1,249
11001,1,1,263
11001,0,0,0
11001,1,1,213
11001,1,1,346
11001,1,1,281
11001,1,1,262
11001,1,1,284
11001,1,1,265
11001,1,1,282
11001,1,1,281
11001,0,0,0
11001,1,1,315
11001,1,1,265
11001,0,0,0
11002,1,1,346
11002,0,0,0
11002,1,1,296
11002,1,1,345
11002,1,1,295
11002,1,1,331
11002,1,1,361
11002,1,1,281
11002,0,0,0
11002,0,0,0
11002,1,1,315
11002,1,1,316
11002,1,1,361
11002,1,1,331
11002,1,1,313
11002,1,1,310
11002,1,1,295
11002,1,1,300
11002,1,1,429
11002,1,1,463
11002,1,1,312
11002,1,1,315
11002,0,1,332
11002,1,1,315
11002,1,1,315
11002,1,1,317
11002,1,1,334
11002,0,0,0
11002,1,1,364
11002,1,1,281
11002,1,1,265
11002,0,0,0
11002,0,0,0
11002,1,1,396
11002,1,1,314
11002,1,1,284
11002,0,0,0
11002,1,1,266
11002,1,1,332
11002,0,0,0
11002,1,1,288
11002,1,1,349
11002,1,1,314
11002,1,1,315
11002,1,1,296
11002,1,1,334
11002,1,1,315
11002,1,1,380
11002,1,1,297
11002,1,1,296
11002,1,1,297
11002,0,0,0
11002,1,1,314
11002,1,1,315
11002,1,1,332
11002,1,1,314
11002,1,1,319
11002,0,0,0
11002,1,1,414
11002,0,0,0
11002,1,1,297
11002,0,0,0
11002,0,0,0
11002,1,1,296
11002,1,1,313
11002,1,1,265
11002,1,1,264
11002,1,1,283
11002,1,1,264
11002,1,1,283
11002,0,0,0
11002,1,1,265
11002,1,1,297
11002,1,1,249
11002,1,1,249
11002,1,1,248
11002,1,1,246
11002,1,1,280
11002,1,1,264
11002,0,0,0
11002,1,1,295
11002,1,1,281
11002,0,0,0
11002,1,1,249
11002,0,0,0
11002,1,1,263
11002,1,1,249
11002,1,1,267
11002,1,1,267
11002,0,0,0
11002,1,1,351
11002,1,1,267
11002,1,1,329
11002,0,0,0
11002,1,1,314
11002,1,1,330
11002,1,1,299
11002,1,1,266
11002,1,1,250
11002,1,1,281
11003,1,1,595
11003,1,1,371
11003,1,1,388
11003,1,1,353
11003,1,1,404
11003,1,1,322
11003,1,1,288
11003,0,1,307
11003,1,1,481
11003,1,1,401
11003,1,1,371
11003,1,1,562
11003,1,1,434
11003,0,0,0
11003,1,0,0
11003,1,1,496
11003,1,1,404
11003,1,1,353
11003,1,1,370
11003,0,1,273
11003,1,1,546
11003,1,1,354
11003,1,1,337
11003,1,1,307
11003,0,0,0
11003,0,1,0
11003,1,1,530
11003,0,0,0
11003,1,0,0
11003,1,1,595
11003,1,1,578
11003,0,1,501
11003,1,1,17
11003,1,1,0
11003,1,1,0
11003,1,1,643
11003,1,1,433
11003,1,1,403
11003,1,1,387
11003,1,1,434
11003,1,1,418
11003,1,1,384
11003,1,1,372
11003,0,0,0
11003,1,0,0
11003,1,0,0
11003,0,0,0
11003,0,0,0
11003,1,0,0
11003,1,1,498
11003,1,1,387
11003,1,1,402
11003,1,1,417
11003,1,1,483
11003,1,1,385
11003,1,1,387
11003,0,0,0
11003,1,0,0
11003,1,1,481
11003,1,1,466
11003,1,1,416
11003,1,1,627
11003,0,0,0
11003,1,0,0
11003,1,1,482
11003,1,1,452
11003,1,1,256
11003,1,1,338
11003,1,1,354
11003,0,1,288
11003,1,1,596
11003,0,0,0
11003,1,0,0
11003,1,1,706
11003,1,1,499
11003,1,1,513
11003,1,1,482
11003,0,0,0
11003,1,0,0
11003,1,1,578
11003,1,1,418
11003,0,0,0
11003,0,0,0
11003,1,1,789
11003,0,0,0
11003,1,0,0
11003,0,0,0
11003,1,0,0
11003,1,1,515
11003,1,1,402
11003,1,1,432
11003,1,1,403
11003,0,0,0
11003,1,1,562
11003,1,1,387
11003,1,1,416
11003,1,1,370
11003,1,1,610
11003,1,1,388
11003,1,1,403
11004,1,1,404
11004,1,1,354
11004,0,0,0
11004,0,0,0
11004,1,1,483
11004,0,0,0
11004,1,0,0
11004,0,0,0
11004,0,0,0
11004,1,1,387
11004,1,1,369
11004,1,1,403
11004,1,1,384
11004,1,1,434
11004,1,1,418
11004,1,1,338
11004,1,1,323
11004,1,1,401
11004,1,1,371
11004,0,0,0
11004,1,0,0
11004,1,1,787
11004,1,1,372
11004,1,1,433
11004,1,1,354
11004,1,1,386
11004,1,1,400
11004,1,1,436
11004,0,1,416
11004,1,1,562
11004,1,1,368
11004,1,1,419
11004,0,0,0
11004,1,1,418
11004,0,1,372
11004,1,1,419
11004,1,1,369
11004,1,1,404
11004,1,1,369
11004,1,1,338
11004,1,1,339
11004,1,1,369
11004,1,1,354
11004,1,1,418
11004,1,1,353
11004,1,1,338
11004,1,1,352
11004,1,1,354
11004,1,1,387
11004,1,1,400
11004,1,1,403
11004,0,0,0
11004,0,0,0
11004,1,0,0
11004,1,1,531
11004,1,1,548
11004,1,1,563
11004,0,1,613
11004,1,1,483
11004,1,1,561
11004,1,1,755
11004,1,1,498
11004,1,1,758
11004,1,1,386
11004,0,1,370
11004,1,1,788
11004,1,1,803
11004,1,1,480
11004,1,1,387
11004,1,1,338
11004,1,1,289
11004,1,1,339
11004,0,0,0
11004,1,0,0
11004,1,1,530
11004,0,0,0
11004,1,0,0
11004,1,1,627
11004,1,1,400
11004,1,1,419
11004,1,1,401
11004,1,1,402
11004,1,1,404
11004,0,0,0
11004,1,0,0
11004,1,1,498
11004,1,1,355
11004,1,1,482
11004,0,1,436
11004,0,1,16
11004,1,0,0
11004,1,1,482
11004,1,1,419
11004,1,1,354
11004,1,1,707
11004,0,1,401
11004,1,1,16
11004,0,1,0
11004,1,0,0
11004,1,1,482
11005,0,0,0
11005,1,1,438
11005,0,0,0
11005,1,1,440
11005,1,0,0
11005,1,1,687
11005,1,1,599
11005,1,1,651
11005,1,1,350
11005,0,0,0
11005,1,1,473
11005,1,1,401
11005,1,1,469
11005,1,1,502
11005,1,1,461
11005,0,0,0
11005,0,0,0
11005,1,1,418
11005,1,1,531
11005,1,1,694
11005,1,1,534
11005,1,1,514
11005,1,1,352
11005,1,1,336
11005,0,0,0
11005,1,1,419
11005,1,1,434
11005,1,1,438
11005,1,1,367
11005,1,1,420
11005,1,1,501
11005,1,1,418
11005,1,1,323
11005,1,1,339
11005,1,1,436
11005,1,1,487
11005,1,1,466
11005,0,0,0
11005,1,1,543
11005,1,0,0
11005,1,1,474
11005,1,1,502
11005,1,1,386
11005,1,1,400
11005,1,1,366
11005,1,1,400
11005,1,1,334
11005,1,1,286
11005,1,1,323
11005,1,1,288
11005,1,1,301
11005,0,0,0
11005,0,0,0
11005,1,1,438
11005,1,1,383
11005,0,0,0
11005,1,1,337
11005,1,1,385
11005,1,1,285
11005,1,1,287
11005,1,1,271
11005,1,1,231
11005,0,1,277
11005,1,1,415
11005,1,1,430
11005,1,1,286
11005,1,1,254
11005,1,1,268
11005,0,0,0
11005,0,0,0
11005,0,0,0
11005,1,1,481
11005,0,0,0
11005,1,1,385
11005,1,1,382
11005,1,1,472
11005,1,1,381
11005,1,1,253
11005,1,1,269
11005,1,1,334
11005,1,1,68
11005,1,1,270
11005,1,1,307
11005,0,0,0
11005,1,1,423
11005,0,1,318
11005,1,1,371
11005,1,0,0
11005,1,1,86
11005,1,1,502
11005,1,1,535
11005,1,1,371
11005,1,1,331
11005,1,1,338
11005,0,0,0
11005,1,1,371
11005,1,1,404
11005,0,1,334
11005,0,0,0
11005,1,1,500
11006,1,1,840
11006,1,1,500
11006,1,1,286
11006,0,1,222
11006,1,1,522
11006,1,1,304
11006,1,1,235
11006,1,1,85
11006,1,1,69
11006,1,1,269
11006,1,1,237
11006,1,1,188
11006,1,1,270
11006,1,1,238
11006,1,1,222
11006,1,1,237
11006,1,1,248
11006,0,1,220
11006,1,0,0
11006,1,1,352
11006,1,1,955
11006,0,0,0
11006,1,0,0
11006,1,1,600
11006,1,1,304
11006,1,1,565
11006,1,1,418
11006,1,1,403
11006,1,1,484
11006,1,1,454
11006,1,1,399
11006,1,1,470
11006,0,0,0
11006,1,1,402
11006,1,1,466
11006,1,1,390
11006,1,1,314
11006,1,1,354
11006,0,0,0
11006,0,1,488
11006,0,0,0
11006,1,1,553
11006,0,0,0
11006,1,1,421
11006,0,0,0
11006,1,1,519
11006,1,1,387
11006,0,0,0
11006,1,1,520
11006,1,1,467
11006,1,1,570
11006,0,0,0
11006,1,1,724
11006,0,0,0
11006,1,1,419
11006,1,1,438
11006,1,1,375
11006,1,1,616
11006,1,1,504
11006,1,1,372
11006,1,1,386
11006,1,1,305
11006,1,1,336
11006,1,1,384
11006,1,1,367
11006,1,1,284
11006,0,0,0
11006,1,1,420
11006,1,1,334
11006,0,0,0
11006,1,1,403
11006,1,1,490
11006,1,1,653
11006,1,1,424
11006,1,1,468
11006,0,0,0
11006,1,1,402
11006,0,0,0
11006,0,0,0
11006,1,1,554
11006,1,1,761
11006,1,1,283
11006,1,1,350
11006,1,1,336
11006,0,1,354
11006,1,1,671
11006,1,1,704
11006,0,0,0
11006,1,1,451
11006,1,1,451
11006,1,1,398
11006,1,1,551
11006,1,1,538
11006,0,0,0
11006,1,1,404
11006,1,1,419
11006,1,1,353
11006,1,1,365
11006,1,1,404
11006,1,1,453
